julian_date	filter_value	image
2459673.5946555897	NaN	science_2022_04_04T02_29_20_120_Speculoos_2048x2088_sloan_i_60s_SPECU1_2022-04-04T02_29_20_120_speculoos_1_Ch_42532_i_
2459673.595472263	NaN	science_2022_04_04T02_30_30_680_Speculoos_2048x2088_sloan_i_60s_SPECU1_2022-04-04T02_30_30_680_speculoos_1_Ch_42532_i_
2459673.5962797934	NaN	science_2022_04_04T02_31_40_450_Speculoos_2048x2088_sloan_i_60s_SPECU1_2022-04-04T02_31_40_450_speculoos_1_Ch_42532_i_
2459673.597084893	NaN	science_2022_04_04T02_32_50_010_Speculoos_2048x2088_sloan_i_60s_SPECU1_2022-04-04T02_32_50_010_speculoos_1_Ch_42532_i_
2459673.5978902234	NaN	science_2022_04_04T02_33_59_590_Speculoos_2048x2088_sloan_i_60s_SPECU1_2022-04-04T02_33_59_590_speculoos_1_Ch_42532_i_
2459673.5986946286	NaN	science_2022_04_04T02_35_09_090_Speculoos_2048x2088_sloan_i_60s_SPECU1_2022-04-04T02_35_09_090_speculoos_1_Ch_42532_i_
2459673.599501348	NaN	science_2022_04_04T02_36_18_790_Speculoos_2048x2088_sloan_i_60s_SPECU1_2022-04-04T02_36_18_790_speculoos_1_Ch_42532_i_
2459673.600308647	NaN	science_2022_04_04T02_37_28_540_Speculoos_2048x2088_sloan_i_60s_SPECU1_2022-04-04T02_37_28_540_speculoos_1_Ch_42532_i_
2459673.601113283	NaN	science_2022_04_04T02_38_38_060_Speculoos_2048x2088_sloan_i_60s_SPECU1_2022-04-04T02_38_38_060_speculoos_1_Ch_42532_i_
2459673.601920003	NaN	science_2022_04_04T02_39_47_760_Speculoos_2048x2088_sloan_i_60s_SPECU1_2022-04-04T02_39_47_760_speculoos_1_Ch_42532_i_
2459673.6027246392	NaN	science_2022_04_04T02_40_57_280_Speculoos_2048x2088_sloan_i_60s_SPECU1_2022-04-04T02_40_57_280_speculoos_1_Ch_42532_i_
2459673.6573738097	NaN	science_2022_04_04T03_59_38_930_Speculoos_2048x2088_sloan_i_60s_SPECU1_2022-04-04T03_59_38_930_speculoos_1_Ch_42532_i
2459673.6581908297	NaN	science_2022_04_04T04_00_49_520_Speculoos_2048x2088_sloan_i_60s_SPECU1_2022-04-04T04_00_49_520_speculoos_1_Ch_42532_i
2459673.65899616	NaN	science_2022_04_04T04_01_59_100_Speculoos_2048x2088_sloan_i_60s_SPECU1_2022-04-04T04_01_59_100_speculoos_1_Ch_42532_i
2459673.6598006804	NaN	science_2022_04_04T04_03_08_610_Speculoos_2048x2088_sloan_i_60s_SPECU1_2022-04-04T04_03_08_610_speculoos_1_Ch_42532_i
2459673.660616543	NaN	science_2022_04_04T04_04_19_100_Speculoos_2048x2088_sloan_i_60s_SPECU1_2022-04-04T04_04_19_100_speculoos_1_Ch_42532_i
2459673.6614211793	NaN	science_2022_04_04T04_05_28_620_Speculoos_2048x2088_sloan_i_60s_SPECU1_2022-04-04T04_05_28_620_speculoos_1_Ch_42532_i
2459673.662226278	NaN	science_2022_04_04T04_06_38_180_Speculoos_2048x2088_sloan_i_60s_SPECU1_2022-04-04T04_06_38_180_speculoos_1_Ch_42532_i
2459673.663033113	NaN	science_2022_04_04T04_07_47_890_Speculoos_2048x2088_sloan_i_60s_SPECU1_2022-04-04T04_07_47_890_speculoos_1_Ch_42532_i
2459673.663838212	NaN	science_2022_04_04T04_08_57_450_Speculoos_2048x2088_sloan_i_60s_SPECU1_2022-04-04T04_08_57_450_speculoos_1_Ch_42532_i
2459673.6646421533	NaN	science_2022_04_04T04_10_06_910_Speculoos_2048x2088_sloan_i_60s_SPECU1_2022-04-04T04_10_06_910_speculoos_1_Ch_42532_i
2459673.6654479466	NaN	science_2022_04_04T04_11_16_530_Speculoos_2048x2088_sloan_i_60s_SPECU1_2022-04-04T04_11_16_530_speculoos_1_Ch_42532_i
2459673.750913617	NaN	science_2022_04_04T06_14_20_710_Speculoos_2048x2088_sloan_i_60s_SPECU1_2022-04-04T06_14_20_710_speculoos_1_Ch_42532_i_4
2459673.751730984	NaN	science_2022_04_04T06_15_31_330_Speculoos_2048x2088_sloan_i_60s_SPECU1_2022-04-04T06_15_31_330_speculoos_1_Ch_42532_i_4
2459673.7525356193	NaN	science_2022_04_04T06_16_40_850_Speculoos_2048x2088_sloan_i_60s_SPECU1_2022-04-04T06_16_40_850_speculoos_1_Ch_42532_i_4
2459673.753342222	NaN	science_2022_04_04T06_17_50_540_Speculoos_2048x2088_sloan_i_60s_SPECU1_2022-04-04T06_17_50_540_speculoos_1_Ch_42532_i_4
2459673.7541467412	NaN	science_2022_04_04T06_19_00_050_Speculoos_2048x2088_sloan_i_60s_SPECU1_2022-04-04T06_19_00_050_speculoos_1_Ch_42532_i_4
2459673.7549526496	NaN	science_2022_04_04T06_20_09_680_Speculoos_2048x2088_sloan_i_60s_SPECU1_2022-04-04T06_20_09_680_speculoos_1_Ch_42532_i_4
2459673.755757285	NaN	science_2022_04_04T06_21_19_200_Speculoos_2048x2088_sloan_i_60s_SPECU1_2022-04-04T06_21_19_200_speculoos_1_Ch_42532_i_4
2459673.75656111	NaN	science_2022_04_04T06_22_28_650_Speculoos_2048x2088_sloan_i_60s_SPECU1_2022-04-04T06_22_28_650_speculoos_1_Ch_42532_i_4
2459673.757367828	NaN	science_2022_04_04T06_23_38_350_Speculoos_2048x2088_sloan_i_60s_SPECU1_2022-04-04T06_23_38_350_speculoos_1_Ch_42532_i_4
2459673.7581737363	NaN	science_2022_04_04T06_24_47_980_Speculoos_2048x2088_sloan_i_60s_SPECU1_2022-04-04T06_24_47_980_speculoos_1_Ch_42532_i_4
2459673.7589797606	NaN	science_2022_04_04T06_25_57_620_Speculoos_2048x2088_sloan_i_60s_SPECU1_2022-04-04T06_25_57_620_speculoos_1_Ch_42532_i_4
2459673.814057204	NaN	science_2022_04_04T07_45_16_280_Speculoos_2048x2088_sloan_i_60s_SPECU1_2022-04-04T07_45_16_280_speculoos_1_Ch_42532_i_5
2459673.8148748013	NaN	science_2022_04_04T07_46_26_920_Speculoos_2048x2088_sloan_i_60s_SPECU1_2022-04-04T07_46_26_920_speculoos_1_Ch_42532_i_5
2459673.815680709	NaN	science_2022_04_04T07_47_36_550_Speculoos_2048x2088_sloan_i_60s_SPECU1_2022-04-04T07_47_36_550_speculoos_1_Ch_42532_i_5
2459673.8164845337	NaN	science_2022_04_04T07_48_46_000_Speculoos_2048x2088_sloan_i_60s_SPECU1_2022-04-04T07_48_46_000_speculoos_1_Ch_42532_i_5
2459673.8172896313	NaN	science_2022_04_04T07_49_55_560_Speculoos_2048x2088_sloan_i_60s_SPECU1_2022-04-04T07_49_55_560_speculoos_1_Ch_42532_i_5
2459673.818102021	NaN	science_2022_04_04T07_51_05_750_Speculoos_2048x2088_sloan_i_60s_SPECU1_2022-04-04T07_51_05_750_speculoos_1_Ch_42532_i_5
2459673.8197249477	NaN	science_2022_04_04T07_53_25_970_Speculoos_2048x2088_sloan_i_60s_SPECU1_2022-04-04T07_53_25_970_speculoos_1_Ch_42532_i_5
2459673.8205286562	NaN	science_2022_04_04T07_54_35_410_Speculoos_2048x2088_sloan_i_60s_SPECU1_2022-04-04T07_54_35_410_speculoos_1_Ch_42532_i_5
2459673.8213367634	NaN	science_2022_04_04T07_55_45_230_Speculoos_2048x2088_sloan_i_60s_SPECU1_2022-04-04T07_55_45_230_speculoos_1_Ch_42532_i_5
