julian_date	filter_value	image
2459672.5849357545	NaN	science_2022_04_03T02_15_21_070_Speculoos_2048x2088_sloan_r_60s_SPECU1_2022-04-03T02_15_21_070_speculoos_1_Ch_42532_r_
2459672.585752777	NaN	science_2022_04_03T02_16_31_660_Speculoos_2048x2088_sloan_r_60s_SPECU1_2022-04-03T02_16_31_660_speculoos_1_Ch_42532_r_
2459672.5865574144	NaN	science_2022_04_03T02_17_41_180_Speculoos_2048x2088_sloan_r_60s_SPECU1_2022-04-03T02_17_41_180_speculoos_1_Ch_42532_r_
2459672.587373511	NaN	science_2022_04_03T02_18_51_690_Speculoos_2048x2088_sloan_r_60s_SPECU1_2022-04-03T02_18_51_690_speculoos_1_Ch_42532_r_
2459672.588982439	NaN	science_2022_04_03T02_21_10_700_Speculoos_2048x2088_sloan_r_60s_SPECU1_2022-04-03T02_21_10_700_speculoos_1_Ch_42532_r_
2459672.58979923	NaN	science_2022_04_03T02_22_21_270_Speculoos_2048x2088_sloan_r_60s_SPECU1_2022-04-03T02_22_21_270_speculoos_1_Ch_42532_r_
2459672.590604447	NaN	science_2022_04_03T02_23_30_840_Speculoos_2048x2088_sloan_r_60s_SPECU1_2022-04-03T02_23_30_840_speculoos_1_Ch_42532_r_
2459672.591408969	NaN	science_2022_04_03T02_24_40_350_Speculoos_2048x2088_sloan_r_60s_SPECU1_2022-04-03T02_24_40_350_speculoos_1_Ch_42532_r_
2459672.592213375	NaN	science_2022_04_03T02_25_49_850_Speculoos_2048x2088_sloan_r_60s_SPECU1_2022-04-03T02_25_49_850_speculoos_1_Ch_42532_r_
2459672.6467958605	NaN	science_2022_04_03T03_44_25_730_Speculoos_2048x2088_sloan_r_60s_SPECU1_2022-04-03T03_44_25_730_speculoos_1_Ch_42532_r
2459672.6476134607	NaN	science_2022_04_03T03_45_36_370_Speculoos_2048x2088_sloan_r_60s_SPECU1_2022-04-03T03_45_36_370_speculoos_1_Ch_42532_r
2459672.648417867	NaN	science_2022_04_03T03_46_45_870_Speculoos_2048x2088_sloan_r_60s_SPECU1_2022-04-03T03_46_45_870_speculoos_1_Ch_42532_r
2459672.6492218096	NaN	science_2022_04_03T03_47_55_330_Speculoos_2048x2088_sloan_r_60s_SPECU1_2022-04-03T03_47_55_330_speculoos_1_Ch_42532_r
2459672.6500277203	NaN	science_2022_04_03T03_49_04_960_Speculoos_2048x2088_sloan_r_60s_SPECU1_2022-04-03T03_49_04_960_speculoos_1_Ch_42532_r
2459672.6508328207	NaN	science_2022_04_03T03_50_14_520_Speculoos_2048x2088_sloan_r_60s_SPECU1_2022-04-03T03_50_14_520_speculoos_1_Ch_42532_r
2459672.651639541	NaN	science_2022_04_03T03_51_24_220_Speculoos_2048x2088_sloan_r_60s_SPECU1_2022-04-03T03_51_24_220_speculoos_1_Ch_42532_r
2459672.6524432525	NaN	science_2022_04_03T03_52_33_660_Speculoos_2048x2088_sloan_r_60s_SPECU1_2022-04-03T03_52_33_660_speculoos_1_Ch_42532_r
2459672.65324789	NaN	science_2022_04_03T03_53_43_180_Speculoos_2048x2088_sloan_r_60s_SPECU1_2022-04-03T03_53_43_180_speculoos_1_Ch_42532_r
2459672.654053106	NaN	science_2022_04_03T03_54_52_750_Speculoos_2048x2088_sloan_r_60s_SPECU1_2022-04-03T03_54_52_750_speculoos_1_Ch_42532_r
2459672.6548576276	NaN	science_2022_04_03T03_56_02_260_Speculoos_2048x2088_sloan_r_60s_SPECU1_2022-04-03T03_56_02_260_speculoos_1_Ch_42532_r
2459672.678353914	NaN	science_2022_04_03T04_29_52_320_Speculoos_2048x2088_sloan_r_60s_SPECU1_2022-04-03T04_29_52_320_speculoos_1_Ch_42532_r_3
2459672.67917082	NaN	science_2022_04_03T04_31_02_900_Speculoos_2048x2088_sloan_r_60s_SPECU1_2022-04-03T04_31_02_900_speculoos_1_Ch_42532_r_3
2459672.6799744153	NaN	science_2022_04_03T04_32_12_330_Speculoos_2048x2088_sloan_r_60s_SPECU1_2022-04-03T04_32_12_330_speculoos_1_Ch_42532_r_3
2459672.680779284	NaN	science_2022_04_03T04_33_21_870_Speculoos_2048x2088_sloan_r_60s_SPECU1_2022-04-03T04_33_21_870_speculoos_1_Ch_42532_r_3
2459672.681583458	NaN	science_2022_04_03T04_34_31_350_Speculoos_2048x2088_sloan_r_60s_SPECU1_2022-04-03T04_34_31_350_speculoos_1_Ch_42532_r_3
2459672.682388095	NaN	science_2022_04_03T04_35_40_870_Speculoos_2048x2088_sloan_r_60s_SPECU1_2022-04-03T04_35_40_870_speculoos_1_Ch_42532_r_3
2459672.683193195	NaN	science_2022_04_03T04_36_50_430_Speculoos_2048x2088_sloan_r_60s_SPECU1_2022-04-03T04_36_50_430_speculoos_1_Ch_42532_r_3
2459672.6839999156	NaN	science_2022_04_03T04_38_00_130_Speculoos_2048x2088_sloan_r_60s_SPECU1_2022-04-03T04_38_00_130_speculoos_1_Ch_42532_r_3
2459672.68480652	NaN	science_2022_04_03T04_39_09_820_Speculoos_2048x2088_sloan_r_60s_SPECU1_2022-04-03T04_39_09_820_speculoos_1_Ch_42532_r_3
2459672.6856119675	NaN	science_2022_04_03T04_40_19_410_Speculoos_2048x2088_sloan_r_60s_SPECU1_2022-04-03T04_40_19_410_speculoos_1_Ch_42532_r_3
2459672.6864164886	NaN	science_2022_04_03T04_41_28_920_Speculoos_2048x2088_sloan_r_60s_SPECU1_2022-04-03T04_41_28_920_speculoos_1_Ch_42532_r_3
2459672.7409736896	NaN	science_2022_04_03T06_00_02_620_Speculoos_2048x2088_sloan_r_60s_SPECU1_2022-04-03T06_00_02_620_speculoos_1_Ch_42532_r_4
2459672.7417888585	NaN	science_2022_04_03T06_01_13_050_Speculoos_2048x2088_sloan_r_60s_SPECU1_2022-04-03T06_01_13_050_speculoos_1_Ch_42532_r_4
2459672.742594421	NaN	science_2022_04_03T06_02_22_650_Speculoos_2048x2088_sloan_r_60s_SPECU1_2022-04-03T06_02_22_650_speculoos_1_Ch_42532_r_4
2459672.743399521	NaN	science_2022_04_03T06_03_32_210_Speculoos_2048x2088_sloan_r_60s_SPECU1_2022-04-03T06_03_32_210_speculoos_1_Ch_42532_r_4
2459672.7442039256	NaN	science_2022_04_03T06_04_41_710_Speculoos_2048x2088_sloan_r_60s_SPECU1_2022-04-03T06_04_41_710_speculoos_1_Ch_42532_r_4
2459672.7450084467	NaN	science_2022_04_03T06_05_51_220_Speculoos_2048x2088_sloan_r_60s_SPECU1_2022-04-03T06_05_51_220_speculoos_1_Ch_42532_r_4
2459672.7458136617	NaN	science_2022_04_03T06_07_00_790_Speculoos_2048x2088_sloan_r_60s_SPECU1_2022-04-03T06_07_00_790_speculoos_1_Ch_42532_r_4
2459672.746618067	NaN	science_2022_04_03T06_08_10_290_Speculoos_2048x2088_sloan_r_60s_SPECU1_2022-04-03T06_08_10_290_speculoos_1_Ch_42532_r_4
2459672.747422819	NaN	science_2022_04_03T06_09_19_820_Speculoos_2048x2088_sloan_r_60s_SPECU1_2022-04-03T06_09_19_820_speculoos_1_Ch_42532_r_4
2459672.74822653	NaN	science_2022_04_03T06_10_29_260_Speculoos_2048x2088_sloan_r_60s_SPECU1_2022-04-03T06_10_29_260_speculoos_1_Ch_42532_r_4
2459672.8035938884	NaN	science_2022_04_03T07_30_12_960_Speculoos_2048x2088_sloan_r_60s_SPECU1_2022-04-03T07_30_12_960_speculoos_1_Ch_42532_r_5
2459672.8044098676	NaN	science_2022_04_03T07_31_23_460_Speculoos_2048x2088_sloan_r_60s_SPECU1_2022-04-03T07_31_23_460_speculoos_1_Ch_42532_r_5
2459672.8052158924	NaN	science_2022_04_03T07_32_33_100_Speculoos_2048x2088_sloan_r_60s_SPECU1_2022-04-03T07_32_33_100_speculoos_1_Ch_42532_r_5
2459672.806828521	NaN	science_2022_04_03T07_34_52_430_Speculoos_2048x2088_sloan_r_60s_SPECU1_2022-04-03T07_34_52_430_speculoos_1_Ch_42532_r_5
2459672.807632926	NaN	science_2022_04_03T07_36_01_930_Speculoos_2048x2088_sloan_r_60s_SPECU1_2022-04-03T07_36_01_930_speculoos_1_Ch_42532_r_5
2459672.8084382564	NaN	science_2022_04_03T07_37_11_510_Speculoos_2048x2088_sloan_r_60s_SPECU1_2022-04-03T07_37_11_510_speculoos_1_Ch_42532_r_5
2459672.8092428925	NaN	science_2022_04_03T07_38_21_030_Speculoos_2048x2088_sloan_r_60s_SPECU1_2022-04-03T07_38_21_030_speculoos_1_Ch_42532_r_5
2459672.810048802	NaN	science_2022_04_03T07_39_30_660_Speculoos_2048x2088_sloan_r_60s_SPECU1_2022-04-03T07_39_30_660_speculoos_1_Ch_42532_r_5
2459672.810852512	NaN	science_2022_04_03T07_40_40_100_Speculoos_2048x2088_sloan_r_60s_SPECU1_2022-04-03T07_40_40_100_speculoos_1_Ch_42532_r_5
2459672.811657148	NaN	science_2022_04_03T07_41_49_620_Speculoos_2048x2088_sloan_r_60s_SPECU1_2022-04-03T07_41_49_620_speculoos_1_Ch_42532_r_5
