image	ra_residual_mas
science_2020_09_18T04_28_41_650_BOSQUE_ALEGRE_768x512_JOHNSON_R_30s_adeona-415_r_apogee_usb_net_adeona	584.5413042698056
science_2020_09_18T06_35_22_020_BOSQUE_ALEGRE_768x512_JOHNSON_R_30s_adeona-657_r_apogee_usb_net_adeona	674.7949041891843
science_2020_09_18T04_32_20_220_BOSQUE_ALEGRE_768x512_JOHNSON_R_30s_adeona-422_r_apogee_usb_net_adeona	655.003024963662
science_2020_09_18T04_29_44_090_BOSQUE_ALEGRE_768x512_JOHNSON_R_30s_adeona-417_r_apogee_usb_net_adeona	1411.320906074252
science_2020_09_18T04_26_36_800_BOSQUE_ALEGRE_768x512_JOHNSON_R_30s_adeona-411_r_apogee_usb_net_adeona	720.728638509172
science_2020_09_18T04_31_17_800_BOSQUE_ALEGRE_768x512_JOHNSON_R_30s_adeona-420_r_apogee_usb_net_adeona	1338.8398441165918
science_2020_09_19T06_19_03_010_BOSQUE_ALEGRE_768x512_JOHNSON_R_50s_adeona-477_r_apogee_usb_net_adeona	-1696.3697160972515
science_2020_09_18T04_27_08_020_BOSQUE_ALEGRE_768x512_JOHNSON_R_30s_adeona-412_r_apogee_usb_net_adeona	822.3730494792107
science_2020_09_18T06_27_02_440_BOSQUE_ALEGRE_768x512_JOHNSON_R_30s_adeona-641_r_apogee_usb_net_adeona	-968.1598910974571
science_2020_09_18T06_29_38_550_BOSQUE_ALEGRE_768x512_JOHNSON_R_30s_adeona-646_r_apogee_usb_net_adeona	-649.0099675138481
science_2020_09_18T06_26_31_170_BOSQUE_ALEGRE_768x512_JOHNSON_R_30s_adeona-640_r_apogee_usb_net_adeona	-868.0123254016507
science_2020_09_18T06_24_26_280_BOSQUE_ALEGRE_768x512_JOHNSON_R_30s_adeona-636_r_apogee_usb_net_adeona	-1499.0924843441462
science_2020_09_18T04_25_34_350_BOSQUE_ALEGRE_768x512_JOHNSON_R_30s_adeona-409_r_apogee_usb_net_adeona	618.5518879938172
science_2020_09_18T06_33_17_120_BOSQUE_ALEGRE_768x512_JOHNSON_R_30s_adeona-653_r_apogee_usb_net_adeona	886.5619437856367
science_2020_09_18T04_27_39_220_BOSQUE_ALEGRE_768x512_JOHNSON_R_30s_adeona-413_r_apogee_usb_net_adeona	804.3073229055153
