image	ra_residual_mas
science_2020_09_19T06_19_03_010_BOSQUE_ALEGRE_768x512_JOHNSON_R_50s_adeona-477_r_apogee_usb_net_adeona	547.2949722301337
science_2020_09_18T04_29_44_090_BOSQUE_ALEGRE_768x512_JOHNSON_R_30s_adeona-417_r_apogee_usb_net_adeona	-1348.9176482669004
science_2020_09_19T06_27_35_490_BOSQUE_ALEGRE_768x512_JOHNSON_R_50s_adeona-487_r_apogee_usb_net_adeona	-845.232361301349
science_2020_09_18T06_36_24_440_BOSQUE_ALEGRE_768x512_JOHNSON_R_30s_adeona-659_r_apogee_usb_net_adeona	-432.425701496793
science_2020_09_19T06_21_36_640_BOSQUE_ALEGRE_768x512_JOHNSON_R_50s_adeona-480_r_apogee_usb_net_adeona	-444.6467952647762
science_2020_09_19T06_15_38_150_BOSQUE_ALEGRE_768x512_JOHNSON_R_50s_adeona-473_r_apogee_usb_net_adeona	-499.7172550594496
science_2020_09_18T06_24_57_530_BOSQUE_ALEGRE_768x512_JOHNSON_R_30s_adeona-637_r_apogee_usb_net_adeona	635.5537200385935
science_2020_09_18T04_31_17_800_BOSQUE_ALEGRE_768x512_JOHNSON_R_30s_adeona-420_r_apogee_usb_net_adeona	-782.2673615351663
