julian_date	filter_value	image
2459110.523433709	NaN	science_2020_09_18T00_51_51_010_BOSQUE_ALEGRE_768x512_JOHNSON_R_30s_adeona-001_r_apogee_usb_net_adeona
2459110.5237951498	NaN	science_2020_09_18T00_52_22_240_BOSQUE_ALEGRE_768x512_JOHNSON_R_30s_adeona-002_r_apogee_usb_net_adeona
2459110.5241565905	NaN	science_2020_09_18T00_52_53_470_BOSQUE_ALEGRE_768x512_JOHNSON_R_30s_adeona-003_r_apogee_usb_net_adeona
2459110.5245188414	NaN	science_2020_09_18T00_53_24_770_BOSQUE_ALEGRE_768x512_JOHNSON_R_30s_adeona-004_r_apogee_usb_net_adeona
2459110.5248801666	NaN	science_2020_09_18T00_53_55_990_BOSQUE_ALEGRE_768x512_JOHNSON_R_30s_adeona-005_r_apogee_usb_net_adeona
2459110.5252414914	NaN	science_2020_09_18T00_54_27_210_BOSQUE_ALEGRE_768x512_JOHNSON_R_30s_adeona-006_r_apogee_usb_net_adeona
2459110.525602932	NaN	science_2020_09_18T00_54_58_440_BOSQUE_ALEGRE_768x512_JOHNSON_R_30s_adeona-007_r_apogee_usb_net_adeona
2459110.5259642573	NaN	science_2020_09_18T00_55_29_660_BOSQUE_ALEGRE_768x512_JOHNSON_R_30s_adeona-008_r_apogee_usb_net_adeona
2459110.5263254666	NaN	science_2020_09_18T00_56_00_870_BOSQUE_ALEGRE_768x512_JOHNSON_R_30s_adeona-009_r_apogee_usb_net_adeona
2459110.5266869073	NaN	science_2020_09_18T00_56_32_100_BOSQUE_ALEGRE_768x512_JOHNSON_R_30s_adeona-010_r_apogee_usb_net_adeona
2459110.527048348	NaN	science_2020_09_18T00_57_03_330_BOSQUE_ALEGRE_768x512_JOHNSON_R_30s_adeona-011_r_apogee_usb_net_adeona
2459110.5274095573	NaN	science_2020_09_18T00_57_34_540_BOSQUE_ALEGRE_768x512_JOHNSON_R_30s_adeona-012_r_apogee_usb_net_adeona
2459110.527771114	NaN	science_2020_09_18T00_58_05_780_BOSQUE_ALEGRE_768x512_JOHNSON_R_30s_adeona-013_r_apogee_usb_net_adeona
2459110.528132323	NaN	science_2020_09_18T00_58_36_990_BOSQUE_ALEGRE_768x512_JOHNSON_R_30s_adeona-014_r_apogee_usb_net_adeona
2459110.5284936484	NaN	science_2020_09_18T00_59_08_210_BOSQUE_ALEGRE_768x512_JOHNSON_R_30s_adeona-015_r_apogee_usb_net_adeona
2459110.5288548577	NaN	science_2020_09_18T00_59_39_420_BOSQUE_ALEGRE_768x512_JOHNSON_R_30s_adeona-016_r_apogee_usb_net_adeona
2459110.529577855	NaN	science_2020_09_18T01_00_41_890_BOSQUE_ALEGRE_768x512_JOHNSON_R_30s_adeona-018_r_apogee_usb_net_adeona
2459110.5299392957	NaN	science_2020_09_18T01_01_13_120_BOSQUE_ALEGRE_768x512_JOHNSON_R_30s_adeona-019_r_apogee_usb_net_adeona
2459110.5303007364	NaN	science_2020_09_18T01_01_44_350_BOSQUE_ALEGRE_768x512_JOHNSON_R_30s_adeona-020_r_apogee_usb_net_adeona
2459110.5306622926	NaN	science_2020_09_18T01_02_15_590_BOSQUE_ALEGRE_768x512_JOHNSON_R_30s_adeona-021_r_apogee_usb_net_adeona
2459110.5310238493	NaN	science_2020_09_18T01_02_46_830_BOSQUE_ALEGRE_768x512_JOHNSON_R_30s_adeona-022_r_apogee_usb_net_adeona
2459110.531385406	NaN	science_2020_09_18T01_03_18_070_BOSQUE_ALEGRE_768x512_JOHNSON_R_30s_adeona-023_r_apogee_usb_net_adeona
2459110.5317468466	NaN	science_2020_09_18T01_03_49_300_BOSQUE_ALEGRE_768x512_JOHNSON_R_30s_adeona-024_r_apogee_usb_net_adeona
2459110.5321084033	NaN	science_2020_09_18T01_04_20_540_BOSQUE_ALEGRE_768x512_JOHNSON_R_30s_adeona-025_r_apogee_usb_net_adeona
2459110.532469844	NaN	science_2020_09_18T01_04_51_770_BOSQUE_ALEGRE_768x512_JOHNSON_R_30s_adeona-026_r_apogee_usb_net_adeona
2459110.5328316316	NaN	science_2020_09_18T01_05_23_030_BOSQUE_ALEGRE_768x512_JOHNSON_R_30s_adeona-027_r_apogee_usb_net_adeona
2459110.5335545135	NaN	science_2020_09_18T01_06_25_490_BOSQUE_ALEGRE_768x512_JOHNSON_R_30s_adeona-029_r_apogee_usb_net_adeona
2459110.533915954	NaN	science_2020_09_18T01_06_56_720_BOSQUE_ALEGRE_768x512_JOHNSON_R_30s_adeona-030_r_apogee_usb_net_adeona
2459110.534277395	NaN	science_2020_09_18T01_07_27_950_BOSQUE_ALEGRE_768x512_JOHNSON_R_30s_adeona-031_r_apogee_usb_net_adeona
2459110.5353616015	NaN	science_2020_09_18T01_09_01_630_BOSQUE_ALEGRE_768x512_JOHNSON_R_30s_adeona-034_r_apogee_usb_net_adeona
2459110.5357229263	NaN	science_2020_09_18T01_09_32_850_BOSQUE_ALEGRE_768x512_JOHNSON_R_30s_adeona-035_r_apogee_usb_net_adeona
2459110.5360841355	NaN	science_2020_09_18T01_10_04_060_BOSQUE_ALEGRE_768x512_JOHNSON_R_30s_adeona-036_r_apogee_usb_net_adeona
2459110.536807133	NaN	science_2020_09_18T01_11_06_530_BOSQUE_ALEGRE_768x512_JOHNSON_R_30s_adeona-038_r_apogee_usb_net_adeona
2459110.537168689	NaN	science_2020_09_18T01_11_37_770_BOSQUE_ALEGRE_768x512_JOHNSON_R_30s_adeona-039_r_apogee_usb_net_adeona
2459110.5375298983	NaN	science_2020_09_18T01_12_08_980_BOSQUE_ALEGRE_768x512_JOHNSON_R_30s_adeona-040_r_apogee_usb_net_adeona
2459110.537891455	NaN	science_2020_09_18T01_12_40_220_BOSQUE_ALEGRE_768x512_JOHNSON_R_30s_adeona-041_r_apogee_usb_net_adeona
2459110.5382528957	NaN	science_2020_09_18T01_13_11_450_BOSQUE_ALEGRE_768x512_JOHNSON_R_30s_adeona-042_r_apogee_usb_net_adeona
2459110.5386143364	NaN	science_2020_09_18T01_13_42_680_BOSQUE_ALEGRE_768x512_JOHNSON_R_30s_adeona-043_r_apogee_usb_net_adeona
2459110.5389756616	NaN	science_2020_09_18T01_14_13_900_BOSQUE_ALEGRE_768x512_JOHNSON_R_30s_adeona-044_r_apogee_usb_net_adeona
2459110.539337218	NaN	science_2020_09_18T01_14_45_140_BOSQUE_ALEGRE_768x512_JOHNSON_R_30s_adeona-045_r_apogee_usb_net_adeona
2459110.539698427	NaN	science_2020_09_18T01_15_16_350_BOSQUE_ALEGRE_768x512_JOHNSON_R_30s_adeona-046_r_apogee_usb_net_adeona
2459110.5400600997	NaN	science_2020_09_18T01_15_47_600_BOSQUE_ALEGRE_768x512_JOHNSON_R_30s_adeona-047_r_apogee_usb_net_adeona
2459110.5404215404	NaN	science_2020_09_18T01_16_18_830_BOSQUE_ALEGRE_768x512_JOHNSON_R_30s_adeona-048_r_apogee_usb_net_adeona
2459110.5407830966	NaN	science_2020_09_18T01_16_50_070_BOSQUE_ALEGRE_768x512_JOHNSON_R_30s_adeona-049_r_apogee_usb_net_adeona
2459110.541144653	NaN	science_2020_09_18T01_17_21_310_BOSQUE_ALEGRE_768x512_JOHNSON_R_30s_adeona-050_r_apogee_usb_net_adeona
2459110.5415063254	NaN	science_2020_09_18T01_17_52_560_BOSQUE_ALEGRE_768x512_JOHNSON_R_30s_adeona-051_r_apogee_usb_net_adeona
2459110.54186765	NaN	science_2020_09_18T01_18_23_780_BOSQUE_ALEGRE_768x512_JOHNSON_R_30s_adeona-052_r_apogee_usb_net_adeona
2459110.5422292068	NaN	science_2020_09_18T01_18_55_020_BOSQUE_ALEGRE_768x512_JOHNSON_R_30s_adeona-053_r_apogee_usb_net_adeona
2459110.542590532	NaN	science_2020_09_18T01_19_26_240_BOSQUE_ALEGRE_768x512_JOHNSON_R_30s_adeona-054_r_apogee_usb_net_adeona
2459110.542952088	NaN	science_2020_09_18T01_19_57_480_BOSQUE_ALEGRE_768x512_JOHNSON_R_30s_adeona-055_r_apogee_usb_net_adeona
2459110.543313529	NaN	science_2020_09_18T01_20_28_710_BOSQUE_ALEGRE_768x512_JOHNSON_R_30s_adeona-056_r_apogee_usb_net_adeona
2459110.5436750855	NaN	science_2020_09_18T01_20_59_950_BOSQUE_ALEGRE_768x512_JOHNSON_R_30s_adeona-057_r_apogee_usb_net_adeona
2459110.5440365262	NaN	science_2020_09_18T01_21_31_180_BOSQUE_ALEGRE_768x512_JOHNSON_R_30s_adeona-058_r_apogee_usb_net_adeona
2459110.544397851	NaN	science_2020_09_18T01_22_02_400_BOSQUE_ALEGRE_768x512_JOHNSON_R_30s_adeona-059_r_apogee_usb_net_adeona
2459110.5447592917	NaN	science_2020_09_18T01_22_33_630_BOSQUE_ALEGRE_768x512_JOHNSON_R_30s_adeona-060_r_apogee_usb_net_adeona
2459110.5451208483	NaN	science_2020_09_18T01_23_04_870_BOSQUE_ALEGRE_768x512_JOHNSON_R_30s_adeona-061_r_apogee_usb_net_adeona
2459110.545843961	NaN	science_2020_09_18T01_24_07_350_BOSQUE_ALEGRE_768x512_JOHNSON_R_30s_adeona-063_r_apogee_usb_net_adeona
2459110.5462051705	NaN	science_2020_09_18T01_24_38_560_BOSQUE_ALEGRE_768x512_JOHNSON_R_30s_adeona-064_r_apogee_usb_net_adeona
2459110.546566611	NaN	science_2020_09_18T01_25_09_790_BOSQUE_ALEGRE_768x512_JOHNSON_R_30s_adeona-065_r_apogee_usb_net_adeona
2459110.546928168	NaN	science_2020_09_18T01_25_41_030_BOSQUE_ALEGRE_768x512_JOHNSON_R_30s_adeona-066_r_apogee_usb_net_adeona
2459110.547289724	NaN	science_2020_09_18T01_26_12_270_BOSQUE_ALEGRE_768x512_JOHNSON_R_30s_adeona-067_r_apogee_usb_net_adeona
2459110.547651049	NaN	science_2020_09_18T01_26_43_490_BOSQUE_ALEGRE_768x512_JOHNSON_R_30s_adeona-068_r_apogee_usb_net_adeona
2459110.5480126054	NaN	science_2020_09_18T01_27_14_730_BOSQUE_ALEGRE_768x512_JOHNSON_R_30s_adeona-069_r_apogee_usb_net_adeona
2459110.5483738147	NaN	science_2020_09_18T01_27_45_940_BOSQUE_ALEGRE_768x512_JOHNSON_R_30s_adeona-070_r_apogee_usb_net_adeona
2459110.54873514	NaN	science_2020_09_18T01_28_17_160_BOSQUE_ALEGRE_768x512_JOHNSON_R_30s_adeona-071_r_apogee_usb_net_adeona
2459110.5490965806	NaN	science_2020_09_18T01_28_48_390_BOSQUE_ALEGRE_768x512_JOHNSON_R_30s_adeona-072_r_apogee_usb_net_adeona
2459110.5494579053	NaN	science_2020_09_18T01_29_19_610_BOSQUE_ALEGRE_768x512_JOHNSON_R_30s_adeona-073_r_apogee_usb_net_adeona
2459110.549819346	NaN	science_2020_09_18T01_29_50_840_BOSQUE_ALEGRE_768x512_JOHNSON_R_30s_adeona-074_r_apogee_usb_net_adeona
2459110.5501807868	NaN	science_2020_09_18T01_30_22_070_BOSQUE_ALEGRE_768x512_JOHNSON_R_30s_adeona-075_r_apogee_usb_net_adeona
2459110.550541996	NaN	science_2020_09_18T01_30_53_280_BOSQUE_ALEGRE_768x512_JOHNSON_R_30s_adeona-076_r_apogee_usb_net_adeona
2459110.5509032053	NaN	science_2020_09_18T01_31_24_490_BOSQUE_ALEGRE_768x512_JOHNSON_R_30s_adeona-077_r_apogee_usb_net_adeona
2459110.5512647615	NaN	science_2020_09_18T01_31_55_730_BOSQUE_ALEGRE_768x512_JOHNSON_R_30s_adeona-078_r_apogee_usb_net_adeona
2459110.551626202	NaN	science_2020_09_18T01_32_26_960_BOSQUE_ALEGRE_768x512_JOHNSON_R_30s_adeona-079_r_apogee_usb_net_adeona
2459110.551987759	NaN	science_2020_09_18T01_32_58_200_BOSQUE_ALEGRE_768x512_JOHNSON_R_30s_adeona-080_r_apogee_usb_net_adeona
2459110.552348968	NaN	science_2020_09_18T01_33_29_410_BOSQUE_ALEGRE_768x512_JOHNSON_R_30s_adeona-081_r_apogee_usb_net_adeona
2459110.5527105243	NaN	science_2020_09_18T01_34_00_650_BOSQUE_ALEGRE_768x512_JOHNSON_R_30s_adeona-082_r_apogee_usb_net_adeona
2459110.553071965	NaN	science_2020_09_18T01_34_31_880_BOSQUE_ALEGRE_768x512_JOHNSON_R_30s_adeona-083_r_apogee_usb_net_adeona
2459110.55343329	NaN	science_2020_09_18T01_35_03_100_BOSQUE_ALEGRE_768x512_JOHNSON_R_30s_adeona-084_r_apogee_usb_net_adeona
2459110.553794615	NaN	science_2020_09_18T01_35_34_320_BOSQUE_ALEGRE_768x512_JOHNSON_R_30s_adeona-085_r_apogee_usb_net_adeona
2459110.5541560557	NaN	science_2020_09_18T01_36_05_550_BOSQUE_ALEGRE_768x512_JOHNSON_R_30s_adeona-086_r_apogee_usb_net_adeona
2459110.554517265	NaN	science_2020_09_18T01_36_36_760_BOSQUE_ALEGRE_768x512_JOHNSON_R_30s_adeona-087_r_apogee_usb_net_adeona
2459110.55487859	NaN	science_2020_09_18T01_37_07_980_BOSQUE_ALEGRE_768x512_JOHNSON_R_30s_adeona-088_r_apogee_usb_net_adeona
2459110.5552396835	NaN	science_2020_09_18T01_37_39_180_BOSQUE_ALEGRE_768x512_JOHNSON_R_30s_adeona-089_r_apogee_usb_net_adeona
2459110.5556012397	NaN	science_2020_09_18T01_38_10_420_BOSQUE_ALEGRE_768x512_JOHNSON_R_30s_adeona-090_r_apogee_usb_net_adeona
2459110.5559626804	NaN	science_2020_09_18T01_38_41_650_BOSQUE_ALEGRE_768x512_JOHNSON_R_30s_adeona-091_r_apogee_usb_net_adeona
2459110.5566853303	NaN	science_2020_09_18T01_39_44_090_BOSQUE_ALEGRE_768x512_JOHNSON_R_30s_adeona-093_r_apogee_usb_net_adeona
2459110.5574082118	NaN	science_2020_09_18T01_40_46_550_BOSQUE_ALEGRE_768x512_JOHNSON_R_30s_adeona-095_r_apogee_usb_net_adeona
2459110.5577696525	NaN	science_2020_09_18T01_41_17_780_BOSQUE_ALEGRE_768x512_JOHNSON_R_30s_adeona-096_r_apogee_usb_net_adeona
2459110.558131093	NaN	science_2020_09_18T01_41_49_010_BOSQUE_ALEGRE_768x512_JOHNSON_R_30s_adeona-097_r_apogee_usb_net_adeona
2459110.5584927653	NaN	science_2020_09_18T01_42_20_260_BOSQUE_ALEGRE_768x512_JOHNSON_R_30s_adeona-098_r_apogee_usb_net_adeona
2459110.558854206	NaN	science_2020_09_18T01_42_51_490_BOSQUE_ALEGRE_768x512_JOHNSON_R_30s_adeona-099_r_apogee_usb_net_adeona
2459110.6685919687	NaN	science_2020_09_18T04_20_53_300_BOSQUE_ALEGRE_768x512_JOHNSON_R_30s_adeona-400_r_apogee_usb_net_adeona
2459110.668953641	NaN	science_2020_09_18T04_21_24_550_BOSQUE_ALEGRE_768x512_JOHNSON_R_30s_adeona-401_r_apogee_usb_net_adeona
2459110.669315081	NaN	science_2020_09_18T04_21_55_780_BOSQUE_ALEGRE_768x512_JOHNSON_R_30s_adeona-402_r_apogee_usb_net_adeona
2459110.6696766373	NaN	science_2020_09_18T04_22_27_020_BOSQUE_ALEGRE_768x512_JOHNSON_R_30s_adeona-403_r_apogee_usb_net_adeona
2459110.6700381935	NaN	science_2020_09_18T04_22_58_260_BOSQUE_ALEGRE_768x512_JOHNSON_R_30s_adeona-404_r_apogee_usb_net_adeona
2459110.6703996337	NaN	science_2020_09_18T04_23_29_490_BOSQUE_ALEGRE_768x512_JOHNSON_R_30s_adeona-405_r_apogee_usb_net_adeona
2459110.670760727	NaN	science_2020_09_18T04_24_00_690_BOSQUE_ALEGRE_768x512_JOHNSON_R_30s_adeona-406_r_apogee_usb_net_adeona
2459110.671121936	NaN	science_2020_09_18T04_24_31_900_BOSQUE_ALEGRE_768x512_JOHNSON_R_30s_adeona-407_r_apogee_usb_net_adeona
2459110.671483376	NaN	science_2020_09_18T04_25_03_130_BOSQUE_ALEGRE_768x512_JOHNSON_R_30s_adeona-408_r_apogee_usb_net_adeona
2459110.671844701	NaN	science_2020_09_18T04_25_34_350_BOSQUE_ALEGRE_768x512_JOHNSON_R_30s_adeona-409_r_apogee_usb_net_adeona
2459110.672206141	NaN	science_2020_09_18T04_26_05_580_BOSQUE_ALEGRE_768x512_JOHNSON_R_30s_adeona-410_r_apogee_usb_net_adeona
2459110.672567466	NaN	science_2020_09_18T04_26_36_800_BOSQUE_ALEGRE_768x512_JOHNSON_R_30s_adeona-411_r_apogee_usb_net_adeona
2459110.6729287906	NaN	science_2020_09_18T04_27_08_020_BOSQUE_ALEGRE_768x512_JOHNSON_R_30s_adeona-412_r_apogee_usb_net_adeona
2459110.6732898834	NaN	science_2020_09_18T04_27_39_220_BOSQUE_ALEGRE_768x512_JOHNSON_R_30s_adeona-413_r_apogee_usb_net_adeona
2459110.6736509767	NaN	science_2020_09_18T04_28_10_420_BOSQUE_ALEGRE_768x512_JOHNSON_R_30s_adeona-414_r_apogee_usb_net_adeona
2459110.674012417	NaN	science_2020_09_18T04_28_41_650_BOSQUE_ALEGRE_768x512_JOHNSON_R_30s_adeona-415_r_apogee_usb_net_adeona
2459110.674373857	NaN	science_2020_09_18T04_29_12_880_BOSQUE_ALEGRE_768x512_JOHNSON_R_30s_adeona-416_r_apogee_usb_net_adeona
2459110.6747350665	NaN	science_2020_09_18T04_29_44_090_BOSQUE_ALEGRE_768x512_JOHNSON_R_30s_adeona-417_r_apogee_usb_net_adeona
2459110.675096622	NaN	science_2020_09_18T04_30_15_330_BOSQUE_ALEGRE_768x512_JOHNSON_R_30s_adeona-418_r_apogee_usb_net_adeona
2459110.675457947	NaN	science_2020_09_18T04_30_46_550_BOSQUE_ALEGRE_768x512_JOHNSON_R_30s_adeona-419_r_apogee_usb_net_adeona
2459110.6758196186	NaN	science_2020_09_18T04_31_17_800_BOSQUE_ALEGRE_768x512_JOHNSON_R_30s_adeona-420_r_apogee_usb_net_adeona
2459110.676180712	NaN	science_2020_09_18T04_31_49_000_BOSQUE_ALEGRE_768x512_JOHNSON_R_30s_adeona-421_r_apogee_usb_net_adeona
2459110.6765420367	NaN	science_2020_09_18T04_32_20_220_BOSQUE_ALEGRE_768x512_JOHNSON_R_30s_adeona-422_r_apogee_usb_net_adeona
2459110.6774088917	NaN	science_2020_09_18T04_33_35_120_BOSQUE_ALEGRE_768x512_JOHNSON_R_30s_adeona-423_r_apogee_usb_net_adeona
2459110.677770332	NaN	science_2020_09_18T04_34_06_350_BOSQUE_ALEGRE_768x512_JOHNSON_R_30s_adeona-424_r_apogee_usb_net_adeona
2459110.678131888	NaN	science_2020_09_18T04_34_37_590_BOSQUE_ALEGRE_768x512_JOHNSON_R_30s_adeona-425_r_apogee_usb_net_adeona
2459110.678493097	NaN	science_2020_09_18T04_35_08_800_BOSQUE_ALEGRE_768x512_JOHNSON_R_30s_adeona-426_r_apogee_usb_net_adeona
2459110.678854537	NaN	science_2020_09_18T04_35_40_030_BOSQUE_ALEGRE_768x512_JOHNSON_R_30s_adeona-427_r_apogee_usb_net_adeona
2459110.679215862	NaN	science_2020_09_18T04_36_11_250_BOSQUE_ALEGRE_768x512_JOHNSON_R_30s_adeona-428_r_apogee_usb_net_adeona
2459110.6795768393	NaN	science_2020_09_18T04_36_42_440_BOSQUE_ALEGRE_768x512_JOHNSON_R_30s_adeona-429_r_apogee_usb_net_adeona
2459110.6799383955	NaN	science_2020_09_18T04_37_13_680_BOSQUE_ALEGRE_768x512_JOHNSON_R_30s_adeona-430_r_apogee_usb_net_adeona
2459110.68029972	NaN	science_2020_09_18T04_37_44_900_BOSQUE_ALEGRE_768x512_JOHNSON_R_30s_adeona-431_r_apogee_usb_net_adeona
2459110.6806611605	NaN	science_2020_09_18T04_38_16_130_BOSQUE_ALEGRE_768x512_JOHNSON_R_30s_adeona-432_r_apogee_usb_net_adeona
2459110.6810222534	NaN	science_2020_09_18T04_38_47_330_BOSQUE_ALEGRE_768x512_JOHNSON_R_30s_adeona-433_r_apogee_usb_net_adeona
2459110.6813836936	NaN	science_2020_09_18T04_39_18_560_BOSQUE_ALEGRE_768x512_JOHNSON_R_30s_adeona-434_r_apogee_usb_net_adeona
2459110.6817451343	NaN	science_2020_09_18T04_39_49_790_BOSQUE_ALEGRE_768x512_JOHNSON_R_30s_adeona-435_r_apogee_usb_net_adeona
2459110.6821064586	NaN	science_2020_09_18T04_40_21_010_BOSQUE_ALEGRE_768x512_JOHNSON_R_30s_adeona-436_r_apogee_usb_net_adeona
2459110.682467899	NaN	science_2020_09_18T04_40_52_240_BOSQUE_ALEGRE_768x512_JOHNSON_R_30s_adeona-437_r_apogee_usb_net_adeona
2459110.682829108	NaN	science_2020_09_18T04_41_23_450_BOSQUE_ALEGRE_768x512_JOHNSON_R_30s_adeona-438_r_apogee_usb_net_adeona
2459110.683190317	NaN	science_2020_09_18T04_41_54_660_BOSQUE_ALEGRE_768x512_JOHNSON_R_30s_adeona-439_r_apogee_usb_net_adeona
2459110.683551641	NaN	science_2020_09_18T04_42_25_880_BOSQUE_ALEGRE_768x512_JOHNSON_R_30s_adeona-440_r_apogee_usb_net_adeona
2459110.683913082	NaN	science_2020_09_18T04_42_57_110_BOSQUE_ALEGRE_768x512_JOHNSON_R_30s_adeona-441_r_apogee_usb_net_adeona
2459110.6842742907	NaN	science_2020_09_18T04_43_28_320_BOSQUE_ALEGRE_768x512_JOHNSON_R_30s_adeona-442_r_apogee_usb_net_adeona
2459110.6846353835	NaN	science_2020_09_18T04_43_59_520_BOSQUE_ALEGRE_768x512_JOHNSON_R_30s_adeona-443_r_apogee_usb_net_adeona
2459110.6849969397	NaN	science_2020_09_18T04_44_30_760_BOSQUE_ALEGRE_768x512_JOHNSON_R_30s_adeona-444_r_apogee_usb_net_adeona
2459110.685358033	NaN	science_2020_09_18T04_45_01_960_BOSQUE_ALEGRE_768x512_JOHNSON_R_30s_adeona-445_r_apogee_usb_net_adeona
2459110.68571982	NaN	science_2020_09_18T04_45_33_220_BOSQUE_ALEGRE_768x512_JOHNSON_R_30s_adeona-446_r_apogee_usb_net_adeona
2459110.6860810295	NaN	science_2020_09_18T04_46_04_430_BOSQUE_ALEGRE_768x512_JOHNSON_R_30s_adeona-447_r_apogee_usb_net_adeona
2459110.686442585	NaN	science_2020_09_18T04_46_35_670_BOSQUE_ALEGRE_768x512_JOHNSON_R_30s_adeona-448_r_apogee_usb_net_adeona
2459110.686804026	NaN	science_2020_09_18T04_47_06_900_BOSQUE_ALEGRE_768x512_JOHNSON_R_30s_adeona-449_r_apogee_usb_net_adeona
2459110.6871652347	NaN	science_2020_09_18T04_47_38_110_BOSQUE_ALEGRE_768x512_JOHNSON_R_30s_adeona-450_r_apogee_usb_net_adeona
2459110.6875264435	NaN	science_2020_09_18T04_48_09_320_BOSQUE_ALEGRE_768x512_JOHNSON_R_30s_adeona-451_r_apogee_usb_net_adeona
2459110.687887999	NaN	science_2020_09_18T04_48_40_560_BOSQUE_ALEGRE_768x512_JOHNSON_R_30s_adeona-452_r_apogee_usb_net_adeona
2459110.6882492085	NaN	science_2020_09_18T04_49_11_770_BOSQUE_ALEGRE_768x512_JOHNSON_R_30s_adeona-453_r_apogee_usb_net_adeona
2459110.6886109957	NaN	science_2020_09_18T04_49_43_030_BOSQUE_ALEGRE_768x512_JOHNSON_R_30s_adeona-454_r_apogee_usb_net_adeona
2459110.6889722045	NaN	science_2020_09_18T04_50_14_240_BOSQUE_ALEGRE_768x512_JOHNSON_R_30s_adeona-455_r_apogee_usb_net_adeona
2459110.6893337606	NaN	science_2020_09_18T04_50_45_480_BOSQUE_ALEGRE_768x512_JOHNSON_R_30s_adeona-456_r_apogee_usb_net_adeona
2459110.689695317	NaN	science_2020_09_18T04_51_16_720_BOSQUE_ALEGRE_768x512_JOHNSON_R_30s_adeona-457_r_apogee_usb_net_adeona
2459110.690056757	NaN	science_2020_09_18T04_51_47_950_BOSQUE_ALEGRE_768x512_JOHNSON_R_30s_adeona-458_r_apogee_usb_net_adeona
2459110.690418082	NaN	science_2020_09_18T04_52_19_170_BOSQUE_ALEGRE_768x512_JOHNSON_R_30s_adeona-459_r_apogee_usb_net_adeona
2459110.690779522	NaN	science_2020_09_18T04_52_50_400_BOSQUE_ALEGRE_768x512_JOHNSON_R_30s_adeona-460_r_apogee_usb_net_adeona
2459110.6911411937	NaN	science_2020_09_18T04_53_21_650_BOSQUE_ALEGRE_768x512_JOHNSON_R_30s_adeona-461_r_apogee_usb_net_adeona
2459110.6915025185	NaN	science_2020_09_18T04_53_52_870_BOSQUE_ALEGRE_768x512_JOHNSON_R_30s_adeona-462_r_apogee_usb_net_adeona
2459110.6918640747	NaN	science_2020_09_18T04_54_24_110_BOSQUE_ALEGRE_768x512_JOHNSON_R_30s_adeona-463_r_apogee_usb_net_adeona
2459110.6922256304	NaN	science_2020_09_18T04_54_55_350_BOSQUE_ALEGRE_768x512_JOHNSON_R_30s_adeona-464_r_apogee_usb_net_adeona
2459110.6925870706	NaN	science_2020_09_18T04_55_26_580_BOSQUE_ALEGRE_768x512_JOHNSON_R_30s_adeona-465_r_apogee_usb_net_adeona
2459110.6929485113	NaN	science_2020_09_18T04_55_57_810_BOSQUE_ALEGRE_768x512_JOHNSON_R_30s_adeona-466_r_apogee_usb_net_adeona
2459110.693309604	NaN	science_2020_09_18T04_56_29_010_BOSQUE_ALEGRE_768x512_JOHNSON_R_30s_adeona-467_r_apogee_usb_net_adeona
2459110.6936711604	NaN	science_2020_09_18T04_57_00_250_BOSQUE_ALEGRE_768x512_JOHNSON_R_30s_adeona-468_r_apogee_usb_net_adeona
2459110.694032369	NaN	science_2020_09_18T04_57_31_460_BOSQUE_ALEGRE_768x512_JOHNSON_R_30s_adeona-469_r_apogee_usb_net_adeona
2459110.694394041	NaN	science_2020_09_18T04_58_02_710_BOSQUE_ALEGRE_768x512_JOHNSON_R_30s_adeona-470_r_apogee_usb_net_adeona
2459110.6947553656	NaN	science_2020_09_18T04_58_33_930_BOSQUE_ALEGRE_768x512_JOHNSON_R_30s_adeona-471_r_apogee_usb_net_adeona
2459110.6951169213	NaN	science_2020_09_18T04_59_05_170_BOSQUE_ALEGRE_768x512_JOHNSON_R_30s_adeona-472_r_apogee_usb_net_adeona
2459110.695478246	NaN	science_2020_09_18T04_59_36_390_BOSQUE_ALEGRE_768x512_JOHNSON_R_30s_adeona-473_r_apogee_usb_net_adeona
2459110.6958398023	NaN	science_2020_09_18T05_00_07_630_BOSQUE_ALEGRE_768x512_JOHNSON_R_30s_adeona-474_r_apogee_usb_net_adeona
2459110.696201011	NaN	science_2020_09_18T05_00_38_840_BOSQUE_ALEGRE_768x512_JOHNSON_R_30s_adeona-475_r_apogee_usb_net_adeona
2459110.6965624513	NaN	science_2020_09_18T05_01_10_070_BOSQUE_ALEGRE_768x512_JOHNSON_R_30s_adeona-476_r_apogee_usb_net_adeona
2459110.6969238915	NaN	science_2020_09_18T05_01_41_300_BOSQUE_ALEGRE_768x512_JOHNSON_R_30s_adeona-477_r_apogee_usb_net_adeona
2459110.6972851004	NaN	science_2020_09_18T05_02_12_510_BOSQUE_ALEGRE_768x512_JOHNSON_R_30s_adeona-478_r_apogee_usb_net_adeona
2459110.697646309	NaN	science_2020_09_18T05_02_43_720_BOSQUE_ALEGRE_768x512_JOHNSON_R_30s_adeona-479_r_apogee_usb_net_adeona
2459110.6980078653	NaN	science_2020_09_18T05_03_14_960_BOSQUE_ALEGRE_768x512_JOHNSON_R_30s_adeona-480_r_apogee_usb_net_adeona
2459110.698368958	NaN	science_2020_09_18T05_03_46_160_BOSQUE_ALEGRE_768x512_JOHNSON_R_30s_adeona-481_r_apogee_usb_net_adeona
2459110.698730283	NaN	science_2020_09_18T05_04_17_380_BOSQUE_ALEGRE_768x512_JOHNSON_R_30s_adeona-482_r_apogee_usb_net_adeona
2459110.6990914918	NaN	science_2020_09_18T05_04_48_590_BOSQUE_ALEGRE_768x512_JOHNSON_R_30s_adeona-483_r_apogee_usb_net_adeona
2459110.699453048	NaN	science_2020_09_18T05_05_19_830_BOSQUE_ALEGRE_768x512_JOHNSON_R_30s_adeona-484_r_apogee_usb_net_adeona
2459110.699814141	NaN	science_2020_09_18T05_05_51_030_BOSQUE_ALEGRE_768x512_JOHNSON_R_30s_adeona-485_r_apogee_usb_net_adeona
2459110.7001754656	NaN	science_2020_09_18T05_06_22_250_BOSQUE_ALEGRE_768x512_JOHNSON_R_30s_adeona-486_r_apogee_usb_net_adeona
2459110.70053679	NaN	science_2020_09_18T05_06_53_470_BOSQUE_ALEGRE_768x512_JOHNSON_R_30s_adeona-487_r_apogee_usb_net_adeona
2459110.7008982305	NaN	science_2020_09_18T05_07_24_700_BOSQUE_ALEGRE_768x512_JOHNSON_R_30s_adeona-488_r_apogee_usb_net_adeona
2459110.7012593234	NaN	science_2020_09_18T05_07_55_900_BOSQUE_ALEGRE_768x512_JOHNSON_R_30s_adeona-489_r_apogee_usb_net_adeona
2459110.7016208796	NaN	science_2020_09_18T05_08_27_140_BOSQUE_ALEGRE_768x512_JOHNSON_R_30s_adeona-490_r_apogee_usb_net_adeona
2459110.70198232	NaN	science_2020_09_18T05_08_58_370_BOSQUE_ALEGRE_768x512_JOHNSON_R_30s_adeona-491_r_apogee_usb_net_adeona
2459110.702343644	NaN	science_2020_09_18T05_09_29_590_BOSQUE_ALEGRE_768x512_JOHNSON_R_30s_adeona-492_r_apogee_usb_net_adeona
2459110.702704969	NaN	science_2020_09_18T05_10_00_810_BOSQUE_ALEGRE_768x512_JOHNSON_R_30s_adeona-493_r_apogee_usb_net_adeona
2459110.7030661777	NaN	science_2020_09_18T05_10_32_020_BOSQUE_ALEGRE_768x512_JOHNSON_R_30s_adeona-494_r_apogee_usb_net_adeona
2459110.7034279653	NaN	science_2020_09_18T05_11_03_280_BOSQUE_ALEGRE_768x512_JOHNSON_R_30s_adeona-495_r_apogee_usb_net_adeona
2459110.7037894055	NaN	science_2020_09_18T05_11_34_510_BOSQUE_ALEGRE_768x512_JOHNSON_R_30s_adeona-496_r_apogee_usb_net_adeona
2459110.7041508458	NaN	science_2020_09_18T05_12_05_740_BOSQUE_ALEGRE_768x512_JOHNSON_R_30s_adeona-497_r_apogee_usb_net_adeona
2459110.704512286	NaN	science_2020_09_18T05_12_36_970_BOSQUE_ALEGRE_768x512_JOHNSON_R_30s_adeona-498_r_apogee_usb_net_adeona
2459110.7048736108	NaN	science_2020_09_18T05_13_08_190_BOSQUE_ALEGRE_768x512_JOHNSON_R_30s_adeona-499_r_apogee_usb_net_adeona
2459110.733065025	NaN	science_2020_09_18T05_53_44_050_BOSQUE_ALEGRE_768x512_JOHNSON_R_30s_adeona-577_r_apogee_usb_net_adeona
2459110.7334260023	NaN	science_2020_09_18T05_54_15_240_BOSQUE_ALEGRE_768x512_JOHNSON_R_30s_adeona-578_r_apogee_usb_net_adeona
2459110.733787211	NaN	science_2020_09_18T05_54_46_450_BOSQUE_ALEGRE_768x512_JOHNSON_R_30s_adeona-579_r_apogee_usb_net_adeona
2459110.73414842	NaN	science_2020_09_18T05_55_17_660_BOSQUE_ALEGRE_768x512_JOHNSON_R_30s_adeona-580_r_apogee_usb_net_adeona
2459110.7345096287	NaN	science_2020_09_18T05_55_48_870_BOSQUE_ALEGRE_768x512_JOHNSON_R_30s_adeona-581_r_apogee_usb_net_adeona
2459110.7348700273	NaN	science_2020_09_18T05_56_20_010_BOSQUE_ALEGRE_768x512_JOHNSON_R_30s_adeona-582_r_apogee_usb_net_adeona
2459110.7352313516	NaN	science_2020_09_18T05_56_51_230_BOSQUE_ALEGRE_768x512_JOHNSON_R_30s_adeona-583_r_apogee_usb_net_adeona
2459110.735592792	NaN	science_2020_09_18T05_57_22_460_BOSQUE_ALEGRE_768x512_JOHNSON_R_30s_adeona-584_r_apogee_usb_net_adeona
2459110.735953885	NaN	science_2020_09_18T05_57_53_660_BOSQUE_ALEGRE_768x512_JOHNSON_R_30s_adeona-585_r_apogee_usb_net_adeona
2459110.736315094	NaN	science_2020_09_18T05_58_24_870_BOSQUE_ALEGRE_768x512_JOHNSON_R_30s_adeona-586_r_apogee_usb_net_adeona
2459110.736676534	NaN	science_2020_09_18T05_58_56_100_BOSQUE_ALEGRE_768x512_JOHNSON_R_30s_adeona-587_r_apogee_usb_net_adeona
2459110.737037627	NaN	science_2020_09_18T05_59_27_300_BOSQUE_ALEGRE_768x512_JOHNSON_R_30s_adeona-588_r_apogee_usb_net_adeona
2459110.7373990673	NaN	science_2020_09_18T05_59_58_530_BOSQUE_ALEGRE_768x512_JOHNSON_R_30s_adeona-589_r_apogee_usb_net_adeona
2459110.737760623	NaN	science_2020_09_18T06_00_29_770_BOSQUE_ALEGRE_768x512_JOHNSON_R_30s_adeona-590_r_apogee_usb_net_adeona
2459110.7381217163	NaN	science_2020_09_18T06_01_00_970_BOSQUE_ALEGRE_768x512_JOHNSON_R_30s_adeona-591_r_apogee_usb_net_adeona
2459110.738482809	NaN	science_2020_09_18T06_01_32_170_BOSQUE_ALEGRE_768x512_JOHNSON_R_30s_adeona-592_r_apogee_usb_net_adeona
2459110.738844134	NaN	science_2020_09_18T06_02_03_390_BOSQUE_ALEGRE_768x512_JOHNSON_R_30s_adeona-593_r_apogee_usb_net_adeona
2459110.739205458	NaN	science_2020_09_18T06_02_34_610_BOSQUE_ALEGRE_768x512_JOHNSON_R_30s_adeona-594_r_apogee_usb_net_adeona
2459110.739566783	NaN	science_2020_09_18T06_03_05_830_BOSQUE_ALEGRE_768x512_JOHNSON_R_30s_adeona-595_r_apogee_usb_net_adeona
2459110.7399282227	NaN	science_2020_09_18T06_03_37_060_BOSQUE_ALEGRE_768x512_JOHNSON_R_30s_adeona-596_r_apogee_usb_net_adeona
2459110.740289663	NaN	science_2020_09_18T06_04_08_290_BOSQUE_ALEGRE_768x512_JOHNSON_R_30s_adeona-597_r_apogee_usb_net_adeona
2459110.7406509877	NaN	science_2020_09_18T06_04_39_510_BOSQUE_ALEGRE_768x512_JOHNSON_R_30s_adeona-598_r_apogee_usb_net_adeona
2459110.741012312	NaN	science_2020_09_18T06_05_10_730_BOSQUE_ALEGRE_768x512_JOHNSON_R_30s_adeona-599_r_apogee_usb_net_adeona
2459110.741373868	NaN	science_2020_09_18T06_05_41_970_BOSQUE_ALEGRE_768x512_JOHNSON_R_30s_adeona-600_r_apogee_usb_net_adeona
2459110.74173554	NaN	science_2020_09_18T06_06_13_220_BOSQUE_ALEGRE_768x512_JOHNSON_R_30s_adeona-601_r_apogee_usb_net_adeona
2459110.742096864	NaN	science_2020_09_18T06_06_44_440_BOSQUE_ALEGRE_768x512_JOHNSON_R_30s_adeona-602_r_apogee_usb_net_adeona
2459110.742458073	NaN	science_2020_09_18T06_07_15_650_BOSQUE_ALEGRE_768x512_JOHNSON_R_30s_adeona-603_r_apogee_usb_net_adeona
2459110.742819629	NaN	science_2020_09_18T06_07_46_890_BOSQUE_ALEGRE_768x512_JOHNSON_R_30s_adeona-604_r_apogee_usb_net_adeona
2459110.743181185	NaN	science_2020_09_18T06_08_18_130_BOSQUE_ALEGRE_768x512_JOHNSON_R_30s_adeona-605_r_apogee_usb_net_adeona
2459110.743542741	NaN	science_2020_09_18T06_08_49_370_BOSQUE_ALEGRE_768x512_JOHNSON_R_30s_adeona-606_r_apogee_usb_net_adeona
2459110.743903834	NaN	science_2020_09_18T06_09_20_570_BOSQUE_ALEGRE_768x512_JOHNSON_R_30s_adeona-607_r_apogee_usb_net_adeona
2459110.7442653896	NaN	science_2020_09_18T06_09_51_810_BOSQUE_ALEGRE_768x512_JOHNSON_R_30s_adeona-608_r_apogee_usb_net_adeona
2459110.744626946	NaN	science_2020_09_18T06_10_23_050_BOSQUE_ALEGRE_768x512_JOHNSON_R_30s_adeona-609_r_apogee_usb_net_adeona
2459110.74498827	NaN	science_2020_09_18T06_10_54_270_BOSQUE_ALEGRE_768x512_JOHNSON_R_30s_adeona-610_r_apogee_usb_net_adeona
2459110.7453498263	NaN	science_2020_09_18T06_11_25_510_BOSQUE_ALEGRE_768x512_JOHNSON_R_30s_adeona-611_r_apogee_usb_net_adeona
2459110.745711498	NaN	science_2020_09_18T06_11_56_760_BOSQUE_ALEGRE_768x512_JOHNSON_R_30s_adeona-612_r_apogee_usb_net_adeona
2459110.7460727068	NaN	science_2020_09_18T06_12_27_970_BOSQUE_ALEGRE_768x512_JOHNSON_R_30s_adeona-613_r_apogee_usb_net_adeona
2459110.7464342625	NaN	science_2020_09_18T06_12_59_210_BOSQUE_ALEGRE_768x512_JOHNSON_R_30s_adeona-614_r_apogee_usb_net_adeona
2459110.7467954713	NaN	science_2020_09_18T06_13_30_420_BOSQUE_ALEGRE_768x512_JOHNSON_R_30s_adeona-615_r_apogee_usb_net_adeona
2459110.7471570275	NaN	science_2020_09_18T06_14_01_660_BOSQUE_ALEGRE_768x512_JOHNSON_R_30s_adeona-616_r_apogee_usb_net_adeona
2459110.747518583	NaN	science_2020_09_18T06_14_32_900_BOSQUE_ALEGRE_768x512_JOHNSON_R_30s_adeona-617_r_apogee_usb_net_adeona
2459110.747880255	NaN	science_2020_09_18T06_15_04_150_BOSQUE_ALEGRE_768x512_JOHNSON_R_30s_adeona-618_r_apogee_usb_net_adeona
2459110.748241695	NaN	science_2020_09_18T06_15_35_380_BOSQUE_ALEGRE_768x512_JOHNSON_R_30s_adeona-619_r_apogee_usb_net_adeona
2459110.7486032513	NaN	science_2020_09_18T06_16_06_620_BOSQUE_ALEGRE_768x512_JOHNSON_R_30s_adeona-620_r_apogee_usb_net_adeona
2459110.7489645756	NaN	science_2020_09_18T06_16_37_840_BOSQUE_ALEGRE_768x512_JOHNSON_R_30s_adeona-621_r_apogee_usb_net_adeona
2459110.7493259	NaN	science_2020_09_18T06_17_09_060_BOSQUE_ALEGRE_768x512_JOHNSON_R_30s_adeona-622_r_apogee_usb_net_adeona
2459110.749686993	NaN	science_2020_09_18T06_17_40_260_BOSQUE_ALEGRE_768x512_JOHNSON_R_30s_adeona-623_r_apogee_usb_net_adeona
2459110.750048549	NaN	science_2020_09_18T06_18_11_500_BOSQUE_ALEGRE_768x512_JOHNSON_R_30s_adeona-624_r_apogee_usb_net_adeona
2459110.750409989	NaN	science_2020_09_18T06_18_42_730_BOSQUE_ALEGRE_768x512_JOHNSON_R_30s_adeona-625_r_apogee_usb_net_adeona
2459110.7507714294	NaN	science_2020_09_18T06_19_13_960_BOSQUE_ALEGRE_768x512_JOHNSON_R_30s_adeona-626_r_apogee_usb_net_adeona
2459110.7511327537	NaN	science_2020_09_18T06_19_45_180_BOSQUE_ALEGRE_768x512_JOHNSON_R_30s_adeona-627_r_apogee_usb_net_adeona
2459110.7514944253	NaN	science_2020_09_18T06_20_16_430_BOSQUE_ALEGRE_768x512_JOHNSON_R_30s_adeona-628_r_apogee_usb_net_adeona
2459110.751856097	NaN	science_2020_09_18T06_20_47_680_BOSQUE_ALEGRE_768x512_JOHNSON_R_30s_adeona-629_r_apogee_usb_net_adeona
2459110.752217653	NaN	science_2020_09_18T06_21_18_920_BOSQUE_ALEGRE_768x512_JOHNSON_R_30s_adeona-630_r_apogee_usb_net_adeona
2459110.752578862	NaN	science_2020_09_18T06_21_50_130_BOSQUE_ALEGRE_768x512_JOHNSON_R_30s_adeona-631_r_apogee_usb_net_adeona
2459110.7529404177	NaN	science_2020_09_18T06_22_21_370_BOSQUE_ALEGRE_768x512_JOHNSON_R_30s_adeona-632_r_apogee_usb_net_adeona
2459110.753301858	NaN	science_2020_09_18T06_22_52_600_BOSQUE_ALEGRE_768x512_JOHNSON_R_30s_adeona-633_r_apogee_usb_net_adeona
2459110.753663067	NaN	science_2020_09_18T06_23_23_810_BOSQUE_ALEGRE_768x512_JOHNSON_R_30s_adeona-634_r_apogee_usb_net_adeona
2459110.754024507	NaN	science_2020_09_18T06_23_55_040_BOSQUE_ALEGRE_768x512_JOHNSON_R_30s_adeona-635_r_apogee_usb_net_adeona
2459110.7543860627	NaN	science_2020_09_18T06_24_26_280_BOSQUE_ALEGRE_768x512_JOHNSON_R_30s_adeona-636_r_apogee_usb_net_adeona
2459110.7547477344	NaN	science_2020_09_18T06_24_57_530_BOSQUE_ALEGRE_768x512_JOHNSON_R_30s_adeona-637_r_apogee_usb_net_adeona
2459110.7551091746	NaN	science_2020_09_18T06_25_28_760_BOSQUE_ALEGRE_768x512_JOHNSON_R_30s_adeona-638_r_apogee_usb_net_adeona
2459110.755470268	NaN	science_2020_09_18T06_25_59_960_BOSQUE_ALEGRE_768x512_JOHNSON_R_30s_adeona-639_r_apogee_usb_net_adeona
2459110.7558314763	NaN	science_2020_09_18T06_26_31_170_BOSQUE_ALEGRE_768x512_JOHNSON_R_30s_adeona-640_r_apogee_usb_net_adeona
2459110.75619338	NaN	science_2020_09_18T06_27_02_440_BOSQUE_ALEGRE_768x512_JOHNSON_R_30s_adeona-641_r_apogee_usb_net_adeona
2459110.7565549356	NaN	science_2020_09_18T06_27_33_680_BOSQUE_ALEGRE_768x512_JOHNSON_R_30s_adeona-642_r_apogee_usb_net_adeona
2459110.7569161444	NaN	science_2020_09_18T06_28_04_890_BOSQUE_ALEGRE_768x512_JOHNSON_R_30s_adeona-643_r_apogee_usb_net_adeona
2459110.7572774687	NaN	science_2020_09_18T06_28_36_110_BOSQUE_ALEGRE_768x512_JOHNSON_R_30s_adeona-644_r_apogee_usb_net_adeona
2459110.757639025	NaN	science_2020_09_18T06_29_07_350_BOSQUE_ALEGRE_768x512_JOHNSON_R_30s_adeona-645_r_apogee_usb_net_adeona
2459110.7580001177	NaN	science_2020_09_18T06_29_38_550_BOSQUE_ALEGRE_768x512_JOHNSON_R_30s_adeona-646_r_apogee_usb_net_adeona
2459110.758361442	NaN	science_2020_09_18T06_30_09_770_BOSQUE_ALEGRE_768x512_JOHNSON_R_30s_adeona-647_r_apogee_usb_net_adeona
2459110.758722998	NaN	science_2020_09_18T06_30_41_010_BOSQUE_ALEGRE_768x512_JOHNSON_R_30s_adeona-648_r_apogee_usb_net_adeona
2459110.7590844384	NaN	science_2020_09_18T06_31_12_240_BOSQUE_ALEGRE_768x512_JOHNSON_R_30s_adeona-649_r_apogee_usb_net_adeona
2459110.7598069715	NaN	science_2020_09_18T06_32_14_670_BOSQUE_ALEGRE_768x512_JOHNSON_R_30s_adeona-651_r_apogee_usb_net_adeona
2459110.760890945	NaN	science_2020_09_18T06_33_48_330_BOSQUE_ALEGRE_768x512_JOHNSON_R_30s_adeona-654_r_apogee_usb_net_adeona
2459110.7612525006	NaN	science_2020_09_18T06_34_19_570_BOSQUE_ALEGRE_768x512_JOHNSON_R_30s_adeona-655_r_apogee_usb_net_adeona
2459110.761613941	NaN	science_2020_09_18T06_34_50_800_BOSQUE_ALEGRE_768x512_JOHNSON_R_30s_adeona-656_r_apogee_usb_net_adeona
2459110.7619752656	NaN	science_2020_09_18T06_35_22_020_BOSQUE_ALEGRE_768x512_JOHNSON_R_30s_adeona-657_r_apogee_usb_net_adeona
2459110.76233659	NaN	science_2020_09_18T06_35_53_240_BOSQUE_ALEGRE_768x512_JOHNSON_R_30s_adeona-658_r_apogee_usb_net_adeona
2459110.7626976827	NaN	science_2020_09_18T06_36_24_440_BOSQUE_ALEGRE_768x512_JOHNSON_R_30s_adeona-659_r_apogee_usb_net_adeona
2459110.7634203318	NaN	science_2020_09_18T06_37_26_880_BOSQUE_ALEGRE_768x512_JOHNSON_R_30s_adeona-661_r_apogee_usb_net_adeona
2459110.763781656	NaN	science_2020_09_18T06_37_58_100_BOSQUE_ALEGRE_768x512_JOHNSON_R_30s_adeona-662_r_apogee_usb_net_adeona
2459110.764142865	NaN	science_2020_09_18T06_38_29_310_BOSQUE_ALEGRE_768x512_JOHNSON_R_30s_adeona-663_r_apogee_usb_net_adeona
2459110.764504305	NaN	science_2020_09_18T06_39_00_540_BOSQUE_ALEGRE_768x512_JOHNSON_R_30s_adeona-664_r_apogee_usb_net_adeona
2459110.764866208	NaN	science_2020_09_18T06_39_31_810_BOSQUE_ALEGRE_768x512_JOHNSON_R_30s_adeona-665_r_apogee_usb_net_adeona
2459110.765227533	NaN	science_2020_09_18T06_40_03_030_BOSQUE_ALEGRE_768x512_JOHNSON_R_30s_adeona-666_r_apogee_usb_net_adeona
2459110.7655889727	NaN	science_2020_09_18T06_40_34_260_BOSQUE_ALEGRE_768x512_JOHNSON_R_30s_adeona-667_r_apogee_usb_net_adeona
2459110.765950413	NaN	science_2020_09_18T06_41_05_490_BOSQUE_ALEGRE_768x512_JOHNSON_R_30s_adeona-668_r_apogee_usb_net_adeona
2459110.7663120846	NaN	science_2020_09_18T06_41_36_740_BOSQUE_ALEGRE_768x512_JOHNSON_R_30s_adeona-669_r_apogee_usb_net_adeona
2459110.7666734094	NaN	science_2020_09_18T06_42_07_960_BOSQUE_ALEGRE_768x512_JOHNSON_R_30s_adeona-670_r_apogee_usb_net_adeona
2459110.7670348496	NaN	science_2020_09_18T06_42_39_190_BOSQUE_ALEGRE_768x512_JOHNSON_R_30s_adeona-671_r_apogee_usb_net_adeona
2459110.767396174	NaN	science_2020_09_18T06_43_10_410_BOSQUE_ALEGRE_768x512_JOHNSON_R_30s_adeona-672_r_apogee_usb_net_adeona
2459110.7677577296	NaN	science_2020_09_18T06_43_41_650_BOSQUE_ALEGRE_768x512_JOHNSON_R_30s_adeona-673_r_apogee_usb_net_adeona
2459110.76811917	NaN	science_2020_09_18T06_44_12_880_BOSQUE_ALEGRE_768x512_JOHNSON_R_30s_adeona-674_r_apogee_usb_net_adeona
2459110.7684803787	NaN	science_2020_09_18T06_44_44_090_BOSQUE_ALEGRE_768x512_JOHNSON_R_30s_adeona-675_r_apogee_usb_net_adeona
2459110.768841819	NaN	science_2020_09_18T06_45_15_320_BOSQUE_ALEGRE_768x512_JOHNSON_R_30s_adeona-676_r_apogee_usb_net_adeona
2459111.463489449	NaN	science_2020_09_18T23_25_25_840_BOSQUE_ALEGRE_768x512_JOHNSON_R_50s_adeona-001_r_apogee_usb_net_adeona
2459111.464082244	NaN	science_2020_09_18T23_26_17_060_BOSQUE_ALEGRE_768x512_JOHNSON_R_50s_adeona-002_r_apogee_usb_net_adeona
2459111.4646750386	NaN	science_2020_09_18T23_27_08_280_BOSQUE_ALEGRE_768x512_JOHNSON_R_50s_adeona-003_r_apogee_usb_net_adeona
2459111.465272579	NaN	science_2020_09_18T23_27_59_910_BOSQUE_ALEGRE_768x512_JOHNSON_R_50s_adeona-004_r_apogee_usb_net_adeona
2459111.4658653736	NaN	science_2020_09_18T23_28_51_130_BOSQUE_ALEGRE_768x512_JOHNSON_R_50s_adeona-005_r_apogee_usb_net_adeona
2459111.466457937	NaN	science_2020_09_18T23_29_42_330_BOSQUE_ALEGRE_768x512_JOHNSON_R_50s_adeona-006_r_apogee_usb_net_adeona
2459111.467050616	NaN	science_2020_09_18T23_30_33_540_BOSQUE_ALEGRE_768x512_JOHNSON_R_50s_adeona-007_r_apogee_usb_net_adeona
2459111.4676431795	NaN	science_2020_09_18T23_31_24_740_BOSQUE_ALEGRE_768x512_JOHNSON_R_50s_adeona-008_r_apogee_usb_net_adeona
2459111.4682358587	NaN	science_2020_09_18T23_32_15_950_BOSQUE_ALEGRE_768x512_JOHNSON_R_50s_adeona-009_r_apogee_usb_net_adeona
2459111.4688286535	NaN	science_2020_09_18T23_33_07_170_BOSQUE_ALEGRE_768x512_JOHNSON_R_50s_adeona-010_r_apogee_usb_net_adeona
2459111.4694213327	NaN	science_2020_09_18T23_33_58_380_BOSQUE_ALEGRE_768x512_JOHNSON_R_50s_adeona-011_r_apogee_usb_net_adeona
2459111.470421052	NaN	science_2020_09_18T23_35_24_760_BOSQUE_ALEGRE_768x512_JOHNSON_R_50s_adeona-012_r_apogee_usb_net_adeona
2459111.471013847	NaN	science_2020_09_18T23_36_15_980_BOSQUE_ALEGRE_768x512_JOHNSON_R_50s_adeona-013_r_apogee_usb_net_adeona
2459111.471606526	NaN	science_2020_09_18T23_37_07_190_BOSQUE_ALEGRE_768x512_JOHNSON_R_50s_adeona-014_r_apogee_usb_net_adeona
2459111.4721990894	NaN	science_2020_09_18T23_37_58_390_BOSQUE_ALEGRE_768x512_JOHNSON_R_50s_adeona-015_r_apogee_usb_net_adeona
2459111.4727917686	NaN	science_2020_09_18T23_38_49_600_BOSQUE_ALEGRE_768x512_JOHNSON_R_50s_adeona-016_r_apogee_usb_net_adeona
2459111.4733844474	NaN	science_2020_09_18T23_39_40_810_BOSQUE_ALEGRE_768x512_JOHNSON_R_50s_adeona-017_r_apogee_usb_net_adeona
2459111.4739772426	NaN	science_2020_09_18T23_40_32_030_BOSQUE_ALEGRE_768x512_JOHNSON_R_50s_adeona-018_r_apogee_usb_net_adeona
2459111.4745699214	NaN	science_2020_09_18T23_41_23_240_BOSQUE_ALEGRE_768x512_JOHNSON_R_50s_adeona-019_r_apogee_usb_net_adeona
2459111.475162485	NaN	science_2020_09_18T23_42_14_440_BOSQUE_ALEGRE_768x512_JOHNSON_R_50s_adeona-020_r_apogee_usb_net_adeona
2459111.475755164	NaN	science_2020_09_18T23_43_05_650_BOSQUE_ALEGRE_768x512_JOHNSON_R_50s_adeona-021_r_apogee_usb_net_adeona
2459111.476347843	NaN	science_2020_09_18T23_43_56_860_BOSQUE_ALEGRE_768x512_JOHNSON_R_50s_adeona-022_r_apogee_usb_net_adeona
2459111.4769404065	NaN	science_2020_09_18T23_44_48_060_BOSQUE_ALEGRE_768x512_JOHNSON_R_50s_adeona-023_r_apogee_usb_net_adeona
2459111.4775330857	NaN	science_2020_09_18T23_45_39_270_BOSQUE_ALEGRE_768x512_JOHNSON_R_50s_adeona-024_r_apogee_usb_net_adeona
2459111.4787182123	NaN	science_2020_09_18T23_47_21_670_BOSQUE_ALEGRE_768x512_JOHNSON_R_50s_adeona-026_r_apogee_usb_net_adeona
2459111.4793108916	NaN	science_2020_09_18T23_48_12_880_BOSQUE_ALEGRE_768x512_JOHNSON_R_50s_adeona-027_r_apogee_usb_net_adeona
2459111.4799035704	NaN	science_2020_09_18T23_49_04_090_BOSQUE_ALEGRE_768x512_JOHNSON_R_50s_adeona-028_r_apogee_usb_net_adeona
2459111.4804962496	NaN	science_2020_09_18T23_49_55_300_BOSQUE_ALEGRE_768x512_JOHNSON_R_50s_adeona-029_r_apogee_usb_net_adeona
2459111.4810886974	NaN	science_2020_09_18T23_50_46_490_BOSQUE_ALEGRE_768x512_JOHNSON_R_50s_adeona-030_r_apogee_usb_net_adeona
2459111.481681376	NaN	science_2020_09_18T23_51_37_700_BOSQUE_ALEGRE_768x512_JOHNSON_R_50s_adeona-031_r_apogee_usb_net_adeona
2459111.482274287	NaN	science_2020_09_18T23_52_28_930_BOSQUE_ALEGRE_768x512_JOHNSON_R_50s_adeona-032_r_apogee_usb_net_adeona
2459111.48286685	NaN	science_2020_09_18T23_53_20_130_BOSQUE_ALEGRE_768x512_JOHNSON_R_50s_adeona-033_r_apogee_usb_net_adeona
2459111.4834595295	NaN	science_2020_09_18T23_54_11_340_BOSQUE_ALEGRE_768x512_JOHNSON_R_50s_adeona-034_r_apogee_usb_net_adeona
2459111.484052324	NaN	science_2020_09_18T23_55_02_560_BOSQUE_ALEGRE_768x512_JOHNSON_R_50s_adeona-035_r_apogee_usb_net_adeona
2459111.484645235	NaN	science_2020_09_18T23_55_53_790_BOSQUE_ALEGRE_768x512_JOHNSON_R_50s_adeona-036_r_apogee_usb_net_adeona
2459111.485237798	NaN	science_2020_09_18T23_56_44_990_BOSQUE_ALEGRE_768x512_JOHNSON_R_50s_adeona-037_r_apogee_usb_net_adeona
2459111.485830477	NaN	science_2020_09_18T23_57_36_200_BOSQUE_ALEGRE_768x512_JOHNSON_R_50s_adeona-038_r_apogee_usb_net_adeona
2459111.4864232717	NaN	science_2020_09_18T23_58_27_420_BOSQUE_ALEGRE_768x512_JOHNSON_R_50s_adeona-039_r_apogee_usb_net_adeona
2459111.487015835	NaN	science_2020_09_18T23_59_18_620_BOSQUE_ALEGRE_768x512_JOHNSON_R_50s_adeona-040_r_apogee_usb_net_adeona
2459111.487608399	NaN	science_2020_09_19T00_00_09_820_BOSQUE_ALEGRE_768x512_JOHNSON_R_50s_adeona-041_r_apogee_usb_net_adeona
2459111.4882010776	NaN	science_2020_09_19T00_01_01_030_BOSQUE_ALEGRE_768x512_JOHNSON_R_50s_adeona-042_r_apogee_usb_net_adeona
2459111.4887938723	NaN	science_2020_09_19T00_01_52_250_BOSQUE_ALEGRE_768x512_JOHNSON_R_50s_adeona-043_r_apogee_usb_net_adeona
2459111.4893864356	NaN	science_2020_09_19T00_02_43_450_BOSQUE_ALEGRE_768x512_JOHNSON_R_50s_adeona-044_r_apogee_usb_net_adeona
2459111.489979115	NaN	science_2020_09_19T00_03_34_660_BOSQUE_ALEGRE_768x512_JOHNSON_R_50s_adeona-045_r_apogee_usb_net_adeona
2459111.4905719096	NaN	science_2020_09_19T00_04_25_880_BOSQUE_ALEGRE_768x512_JOHNSON_R_50s_adeona-046_r_apogee_usb_net_adeona
2459111.491164473	NaN	science_2020_09_19T00_05_17_080_BOSQUE_ALEGRE_768x512_JOHNSON_R_50s_adeona-047_r_apogee_usb_net_adeona
2459111.4917572676	NaN	science_2020_09_19T00_06_08_300_BOSQUE_ALEGRE_768x512_JOHNSON_R_50s_adeona-048_r_apogee_usb_net_adeona
2459111.4923501783	NaN	science_2020_09_19T00_06_59_530_BOSQUE_ALEGRE_768x512_JOHNSON_R_50s_adeona-049_r_apogee_usb_net_adeona
2459111.492942857	NaN	science_2020_09_19T00_07_50_740_BOSQUE_ALEGRE_768x512_JOHNSON_R_50s_adeona-050_r_apogee_usb_net_adeona
2459111.4935355363	NaN	science_2020_09_19T00_08_41_950_BOSQUE_ALEGRE_768x512_JOHNSON_R_50s_adeona-051_r_apogee_usb_net_adeona
2459111.494128331	NaN	science_2020_09_19T00_09_33_170_BOSQUE_ALEGRE_768x512_JOHNSON_R_50s_adeona-052_r_apogee_usb_net_adeona
2459111.4947212413	NaN	science_2020_09_19T00_10_24_400_BOSQUE_ALEGRE_768x512_JOHNSON_R_50s_adeona-053_r_apogee_usb_net_adeona
2459111.495314036	NaN	science_2020_09_19T00_11_15_620_BOSQUE_ALEGRE_768x512_JOHNSON_R_50s_adeona-054_r_apogee_usb_net_adeona
2459111.4959067153	NaN	science_2020_09_19T00_12_06_830_BOSQUE_ALEGRE_768x512_JOHNSON_R_50s_adeona-055_r_apogee_usb_net_adeona
2459111.4964992786	NaN	science_2020_09_19T00_12_58_030_BOSQUE_ALEGRE_768x512_JOHNSON_R_50s_adeona-056_r_apogee_usb_net_adeona
2459111.4970919574	NaN	science_2020_09_19T00_13_49_240_BOSQUE_ALEGRE_768x512_JOHNSON_R_50s_adeona-057_r_apogee_usb_net_adeona
2459111.497684868	NaN	science_2020_09_19T00_14_40_470_BOSQUE_ALEGRE_768x512_JOHNSON_R_50s_adeona-058_r_apogee_usb_net_adeona
2459111.4982775473	NaN	science_2020_09_19T00_15_31_680_BOSQUE_ALEGRE_768x512_JOHNSON_R_50s_adeona-059_r_apogee_usb_net_adeona
2459111.49887011	NaN	science_2020_09_19T00_16_22_880_BOSQUE_ALEGRE_768x512_JOHNSON_R_50s_adeona-060_r_apogee_usb_net_adeona
2459111.499463021	NaN	science_2020_09_19T00_17_14_110_BOSQUE_ALEGRE_768x512_JOHNSON_R_50s_adeona-061_r_apogee_usb_net_adeona
2459111.500055468	NaN	science_2020_09_19T00_18_05_300_BOSQUE_ALEGRE_768x512_JOHNSON_R_50s_adeona-062_r_apogee_usb_net_adeona
2459111.5006481474	NaN	science_2020_09_19T00_18_56_510_BOSQUE_ALEGRE_768x512_JOHNSON_R_50s_adeona-063_r_apogee_usb_net_adeona
2459111.501240826	NaN	science_2020_09_19T00_19_47_720_BOSQUE_ALEGRE_768x512_JOHNSON_R_50s_adeona-064_r_apogee_usb_net_adeona
2459111.501833621	NaN	science_2020_09_19T00_20_38_940_BOSQUE_ALEGRE_768x512_JOHNSON_R_50s_adeona-065_r_apogee_usb_net_adeona
2459111.5024263	NaN	science_2020_09_19T00_21_30_150_BOSQUE_ALEGRE_768x512_JOHNSON_R_50s_adeona-066_r_apogee_usb_net_adeona
2459111.5030188635	NaN	science_2020_09_19T00_22_21_350_BOSQUE_ALEGRE_768x512_JOHNSON_R_50s_adeona-067_r_apogee_usb_net_adeona
2459111.5042045685	NaN	science_2020_09_19T00_24_03_800_BOSQUE_ALEGRE_768x512_JOHNSON_R_50s_adeona-069_r_apogee_usb_net_adeona
2459111.504797363	NaN	science_2020_09_19T00_24_55_020_BOSQUE_ALEGRE_768x512_JOHNSON_R_50s_adeona-070_r_apogee_usb_net_adeona
2459111.5053900424	NaN	science_2020_09_19T00_25_46_230_BOSQUE_ALEGRE_768x512_JOHNSON_R_50s_adeona-071_r_apogee_usb_net_adeona
2459111.505982721	NaN	science_2020_09_19T00_26_37_440_BOSQUE_ALEGRE_768x512_JOHNSON_R_50s_adeona-072_r_apogee_usb_net_adeona
2459111.5065757474	NaN	science_2020_09_19T00_27_28_680_BOSQUE_ALEGRE_768x512_JOHNSON_R_50s_adeona-073_r_apogee_usb_net_adeona
2459111.5071681947	NaN	science_2020_09_19T00_28_19_870_BOSQUE_ALEGRE_768x512_JOHNSON_R_50s_adeona-074_r_apogee_usb_net_adeona
2459111.507761221	NaN	science_2020_09_19T00_29_11_110_BOSQUE_ALEGRE_768x512_JOHNSON_R_50s_adeona-075_r_apogee_usb_net_adeona
2459111.5083539	NaN	science_2020_09_19T00_30_02_320_BOSQUE_ALEGRE_768x512_JOHNSON_R_50s_adeona-076_r_apogee_usb_net_adeona
2459111.5089468104	NaN	science_2020_09_19T00_30_53_550_BOSQUE_ALEGRE_768x512_JOHNSON_R_50s_adeona-077_r_apogee_usb_net_adeona
2459111.509539605	NaN	science_2020_09_19T00_31_44_770_BOSQUE_ALEGRE_768x512_JOHNSON_R_50s_adeona-078_r_apogee_usb_net_adeona
2459111.510132516	NaN	science_2020_09_19T00_32_36_000_BOSQUE_ALEGRE_768x512_JOHNSON_R_50s_adeona-079_r_apogee_usb_net_adeona
2459111.5113178734	NaN	science_2020_09_19T00_34_18_420_BOSQUE_ALEGRE_768x512_JOHNSON_R_50s_adeona-081_r_apogee_usb_net_adeona
2459111.511910668	NaN	science_2020_09_19T00_35_09_640_BOSQUE_ALEGRE_768x512_JOHNSON_R_50s_adeona-082_r_apogee_usb_net_adeona
2459111.512503463	NaN	science_2020_09_19T00_36_00_860_BOSQUE_ALEGRE_768x512_JOHNSON_R_50s_adeona-083_r_apogee_usb_net_adeona
2459111.513096026	NaN	science_2020_09_19T00_36_52_060_BOSQUE_ALEGRE_768x512_JOHNSON_R_50s_adeona-084_r_apogee_usb_net_adeona
2459111.5136889364	NaN	science_2020_09_19T00_37_43_290_BOSQUE_ALEGRE_768x512_JOHNSON_R_50s_adeona-085_r_apogee_usb_net_adeona
2459111.514281847	NaN	science_2020_09_19T00_38_34_520_BOSQUE_ALEGRE_768x512_JOHNSON_R_50s_adeona-086_r_apogee_usb_net_adeona
2459111.514874526	NaN	science_2020_09_19T00_39_25_730_BOSQUE_ALEGRE_768x512_JOHNSON_R_50s_adeona-087_r_apogee_usb_net_adeona
2459111.5154673206	NaN	science_2020_09_19T00_40_16_950_BOSQUE_ALEGRE_768x512_JOHNSON_R_50s_adeona-088_r_apogee_usb_net_adeona
2459111.5160599994	NaN	science_2020_09_19T00_41_08_160_BOSQUE_ALEGRE_768x512_JOHNSON_R_50s_adeona-089_r_apogee_usb_net_adeona
2459111.5166530255	NaN	science_2020_09_19T00_41_59_400_BOSQUE_ALEGRE_768x512_JOHNSON_R_50s_adeona-090_r_apogee_usb_net_adeona
2459111.517245936	NaN	science_2020_09_19T00_42_50_630_BOSQUE_ALEGRE_768x512_JOHNSON_R_50s_adeona-091_r_apogee_usb_net_adeona
2459111.5178430127	NaN	science_2020_09_19T00_43_42_220_BOSQUE_ALEGRE_768x512_JOHNSON_R_50s_adeona-092_r_apogee_usb_net_adeona
2459111.518435692	NaN	science_2020_09_19T00_44_33_430_BOSQUE_ALEGRE_768x512_JOHNSON_R_50s_adeona-093_r_apogee_usb_net_adeona
2459111.5190328844	NaN	science_2020_09_19T00_45_25_030_BOSQUE_ALEGRE_768x512_JOHNSON_R_50s_adeona-094_r_apogee_usb_net_adeona
2459111.519625563	NaN	science_2020_09_19T00_46_16_240_BOSQUE_ALEGRE_768x512_JOHNSON_R_50s_adeona-095_r_apogee_usb_net_adeona
2459111.520218474	NaN	science_2020_09_19T00_47_07_470_BOSQUE_ALEGRE_768x512_JOHNSON_R_50s_adeona-096_r_apogee_usb_net_adeona
2459111.5208110367	NaN	science_2020_09_19T00_47_58_670_BOSQUE_ALEGRE_768x512_JOHNSON_R_50s_adeona-097_r_apogee_usb_net_adeona
2459111.5214038314	NaN	science_2020_09_19T00_48_49_890_BOSQUE_ALEGRE_768x512_JOHNSON_R_50s_adeona-098_r_apogee_usb_net_adeona
2459111.52199651	NaN	science_2020_09_19T00_49_41_100_BOSQUE_ALEGRE_768x512_JOHNSON_R_50s_adeona-099_r_apogee_usb_net_adeona
2459111.644565364	NaN	science_2020_09_19T03_46_11_580_BOSQUE_ALEGRE_768x512_JOHNSON_R_50s_adeona-300_r_apogee_usb_net_adeona
2459111.645158042	NaN	science_2020_09_19T03_47_02_790_BOSQUE_ALEGRE_768x512_JOHNSON_R_50s_adeona-301_r_apogee_usb_net_adeona
2459111.6457508365	NaN	science_2020_09_19T03_47_54_010_BOSQUE_ALEGRE_768x512_JOHNSON_R_50s_adeona-302_r_apogee_usb_net_adeona
2459111.646343399	NaN	science_2020_09_19T03_48_45_210_BOSQUE_ALEGRE_768x512_JOHNSON_R_50s_adeona-303_r_apogee_usb_net_adeona
2459111.6469359617	NaN	science_2020_09_19T03_49_36_410_BOSQUE_ALEGRE_768x512_JOHNSON_R_50s_adeona-304_r_apogee_usb_net_adeona
2459111.647528524	NaN	science_2020_09_19T03_50_27_610_BOSQUE_ALEGRE_768x512_JOHNSON_R_50s_adeona-305_r_apogee_usb_net_adeona
2459111.648120971	NaN	science_2020_09_19T03_51_18_800_BOSQUE_ALEGRE_768x512_JOHNSON_R_50s_adeona-306_r_apogee_usb_net_adeona
2459111.6487135333	NaN	science_2020_09_19T03_52_10_000_BOSQUE_ALEGRE_768x512_JOHNSON_R_50s_adeona-307_r_apogee_usb_net_adeona
2459111.64930598	NaN	science_2020_09_19T03_53_01_190_BOSQUE_ALEGRE_768x512_JOHNSON_R_50s_adeona-308_r_apogee_usb_net_adeona
2459111.6498987745	NaN	science_2020_09_19T03_53_52_410_BOSQUE_ALEGRE_768x512_JOHNSON_R_50s_adeona-309_r_apogee_usb_net_adeona
2459111.6504915683	NaN	science_2020_09_19T03_54_43_630_BOSQUE_ALEGRE_768x512_JOHNSON_R_50s_adeona-310_r_apogee_usb_net_adeona
2459111.651084131	NaN	science_2020_09_19T03_55_34_830_BOSQUE_ALEGRE_768x512_JOHNSON_R_50s_adeona-311_r_apogee_usb_net_adeona
2459111.651677041	NaN	science_2020_09_19T03_56_26_060_BOSQUE_ALEGRE_768x512_JOHNSON_R_50s_adeona-312_r_apogee_usb_net_adeona
2459111.652269719	NaN	science_2020_09_19T03_57_17_270_BOSQUE_ALEGRE_768x512_JOHNSON_R_50s_adeona-313_r_apogee_usb_net_adeona
2459111.652862166	NaN	science_2020_09_19T03_58_08_460_BOSQUE_ALEGRE_768x512_JOHNSON_R_50s_adeona-314_r_apogee_usb_net_adeona
2459111.6534551913	NaN	science_2020_09_19T03_58_59_700_BOSQUE_ALEGRE_768x512_JOHNSON_R_50s_adeona-315_r_apogee_usb_net_adeona
2459111.654047754	NaN	science_2020_09_19T03_59_50_900_BOSQUE_ALEGRE_768x512_JOHNSON_R_50s_adeona-316_r_apogee_usb_net_adeona
2459111.6546402005	NaN	science_2020_09_19T04_00_42_090_BOSQUE_ALEGRE_768x512_JOHNSON_R_50s_adeona-317_r_apogee_usb_net_adeona
2459111.655232995	NaN	science_2020_09_19T04_01_33_310_BOSQUE_ALEGRE_768x512_JOHNSON_R_50s_adeona-318_r_apogee_usb_net_adeona
2459111.655825673	NaN	science_2020_09_19T04_02_24_520_BOSQUE_ALEGRE_768x512_JOHNSON_R_50s_adeona-319_r_apogee_usb_net_adeona
2459111.6564183515	NaN	science_2020_09_19T04_03_15_730_BOSQUE_ALEGRE_768x512_JOHNSON_R_50s_adeona-320_r_apogee_usb_net_adeona
2459111.65701103	NaN	science_2020_09_19T04_04_06_940_BOSQUE_ALEGRE_768x512_JOHNSON_R_50s_adeona-321_r_apogee_usb_net_adeona
2459111.6576038236	NaN	science_2020_09_19T04_04_58_160_BOSQUE_ALEGRE_768x512_JOHNSON_R_50s_adeona-322_r_apogee_usb_net_adeona
2459111.6581966174	NaN	science_2020_09_19T04_05_49_380_BOSQUE_ALEGRE_768x512_JOHNSON_R_50s_adeona-323_r_apogee_usb_net_adeona
2459111.6587892957	NaN	science_2020_09_19T04_06_40_590_BOSQUE_ALEGRE_768x512_JOHNSON_R_50s_adeona-324_r_apogee_usb_net_adeona
2459111.65938209	NaN	science_2020_09_19T04_07_31_810_BOSQUE_ALEGRE_768x512_JOHNSON_R_50s_adeona-325_r_apogee_usb_net_adeona
2459111.659974537	NaN	science_2020_09_19T04_08_23_000_BOSQUE_ALEGRE_768x512_JOHNSON_R_50s_adeona-326_r_apogee_usb_net_adeona
2459111.6605669833	NaN	science_2020_09_19T04_09_14_190_BOSQUE_ALEGRE_768x512_JOHNSON_R_50s_adeona-327_r_apogee_usb_net_adeona
2459111.6611597775	NaN	science_2020_09_19T04_10_05_410_BOSQUE_ALEGRE_768x512_JOHNSON_R_50s_adeona-328_r_apogee_usb_net_adeona
2459111.6617526873	NaN	science_2020_09_19T04_10_56_640_BOSQUE_ALEGRE_768x512_JOHNSON_R_50s_adeona-329_r_apogee_usb_net_adeona
2459111.6626242865	NaN	science_2020_09_19T04_12_11_950_BOSQUE_ALEGRE_768x512_JOHNSON_R_50s_adeona-330_r_apogee_usb_net_adeona
2459111.663216965	NaN	science_2020_09_19T04_13_03_160_BOSQUE_ALEGRE_768x512_JOHNSON_R_50s_adeona-331_r_apogee_usb_net_adeona
2459111.663809643	NaN	science_2020_09_19T04_13_54_370_BOSQUE_ALEGRE_768x512_JOHNSON_R_50s_adeona-332_r_apogee_usb_net_adeona
2459111.664402437	NaN	science_2020_09_19T04_14_45_590_BOSQUE_ALEGRE_768x512_JOHNSON_R_50s_adeona-333_r_apogee_usb_net_adeona
2459111.6649953467	NaN	science_2020_09_19T04_15_36_820_BOSQUE_ALEGRE_768x512_JOHNSON_R_50s_adeona-334_r_apogee_usb_net_adeona
2459111.6655882564	NaN	science_2020_09_19T04_16_28_050_BOSQUE_ALEGRE_768x512_JOHNSON_R_50s_adeona-335_r_apogee_usb_net_adeona
2459111.6661809348	NaN	science_2020_09_19T04_17_19_260_BOSQUE_ALEGRE_768x512_JOHNSON_R_50s_adeona-336_r_apogee_usb_net_adeona
2459111.6667737286	NaN	science_2020_09_19T04_18_10_480_BOSQUE_ALEGRE_768x512_JOHNSON_R_50s_adeona-337_r_apogee_usb_net_adeona
2459111.6673661754	NaN	science_2020_09_19T04_19_01_670_BOSQUE_ALEGRE_768x512_JOHNSON_R_50s_adeona-338_r_apogee_usb_net_adeona
2459111.667958738	NaN	science_2020_09_19T04_19_52_870_BOSQUE_ALEGRE_768x512_JOHNSON_R_50s_adeona-339_r_apogee_usb_net_adeona
2459111.6685515316	NaN	science_2020_09_19T04_20_44_090_BOSQUE_ALEGRE_768x512_JOHNSON_R_50s_adeona-340_r_apogee_usb_net_adeona
2459111.66914421	NaN	science_2020_09_19T04_21_35_300_BOSQUE_ALEGRE_768x512_JOHNSON_R_50s_adeona-341_r_apogee_usb_net_adeona
2459111.6697368883	NaN	science_2020_09_19T04_22_26_510_BOSQUE_ALEGRE_768x512_JOHNSON_R_50s_adeona-342_r_apogee_usb_net_adeona
2459111.6703294506	NaN	science_2020_09_19T04_23_17_710_BOSQUE_ALEGRE_768x512_JOHNSON_R_50s_adeona-343_r_apogee_usb_net_adeona
2459111.670922129	NaN	science_2020_09_19T04_24_08_920_BOSQUE_ALEGRE_768x512_JOHNSON_R_50s_adeona-344_r_apogee_usb_net_adeona
2459111.6715146913	NaN	science_2020_09_19T04_25_00_120_BOSQUE_ALEGRE_768x512_JOHNSON_R_50s_adeona-345_r_apogee_usb_net_adeona
2459111.672107717	NaN	science_2020_09_19T04_25_51_360_BOSQUE_ALEGRE_768x512_JOHNSON_R_50s_adeona-346_r_apogee_usb_net_adeona
2459111.6727001634	NaN	science_2020_09_19T04_26_42_550_BOSQUE_ALEGRE_768x512_JOHNSON_R_50s_adeona-347_r_apogee_usb_net_adeona
2459111.6732974714	NaN	science_2020_09_19T04_27_34_160_BOSQUE_ALEGRE_768x512_JOHNSON_R_50s_adeona-348_r_apogee_usb_net_adeona
2459111.673890381	NaN	science_2020_09_19T04_28_25_390_BOSQUE_ALEGRE_768x512_JOHNSON_R_50s_adeona-349_r_apogee_usb_net_adeona
2459111.6744834064	NaN	science_2020_09_19T04_29_16_630_BOSQUE_ALEGRE_768x512_JOHNSON_R_50s_adeona-350_r_apogee_usb_net_adeona
2459111.6750758532	NaN	science_2020_09_19T04_30_07_820_BOSQUE_ALEGRE_768x512_JOHNSON_R_50s_adeona-351_r_apogee_usb_net_adeona
2459111.6756687625	NaN	science_2020_09_19T04_30_59_050_BOSQUE_ALEGRE_768x512_JOHNSON_R_50s_adeona-352_r_apogee_usb_net_adeona
2459111.6762613254	NaN	science_2020_09_19T04_31_50_250_BOSQUE_ALEGRE_768x512_JOHNSON_R_50s_adeona-353_r_apogee_usb_net_adeona
2459111.6768588643	NaN	science_2020_09_19T04_32_41_880_BOSQUE_ALEGRE_768x512_JOHNSON_R_50s_adeona-354_r_apogee_usb_net_adeona
2459111.677451658	NaN	science_2020_09_19T04_33_33_100_BOSQUE_ALEGRE_768x512_JOHNSON_R_50s_adeona-355_r_apogee_usb_net_adeona
2459111.6780443364	NaN	science_2020_09_19T04_34_24_310_BOSQUE_ALEGRE_768x512_JOHNSON_R_50s_adeona-356_r_apogee_usb_net_adeona
2459111.67863713	NaN	science_2020_09_19T04_35_15_530_BOSQUE_ALEGRE_768x512_JOHNSON_R_50s_adeona-357_r_apogee_usb_net_adeona
2459111.679229924	NaN	science_2020_09_19T04_36_06_750_BOSQUE_ALEGRE_768x512_JOHNSON_R_50s_adeona-358_r_apogee_usb_net_adeona
2459111.679822487	NaN	science_2020_09_19T04_36_57_950_BOSQUE_ALEGRE_768x512_JOHNSON_R_50s_adeona-359_r_apogee_usb_net_adeona
2459111.680415396	NaN	science_2020_09_19T04_37_49_180_BOSQUE_ALEGRE_768x512_JOHNSON_R_50s_adeona-360_r_apogee_usb_net_adeona
2459111.681008306	NaN	science_2020_09_19T04_38_40_410_BOSQUE_ALEGRE_768x512_JOHNSON_R_50s_adeona-361_r_apogee_usb_net_adeona
2459111.681605498	NaN	science_2020_09_19T04_39_32_010_BOSQUE_ALEGRE_768x512_JOHNSON_R_50s_adeona-362_r_apogee_usb_net_adeona
2459111.68219806	NaN	science_2020_09_19T04_40_23_210_BOSQUE_ALEGRE_768x512_JOHNSON_R_50s_adeona-363_r_apogee_usb_net_adeona
2459111.6827954836	NaN	science_2020_09_19T04_41_14_830_BOSQUE_ALEGRE_768x512_JOHNSON_R_50s_adeona-364_r_apogee_usb_net_adeona
2459111.6833882774	NaN	science_2020_09_19T04_42_06_050_BOSQUE_ALEGRE_768x512_JOHNSON_R_50s_adeona-365_r_apogee_usb_net_adeona
2459111.6839807243	NaN	science_2020_09_19T04_42_57_240_BOSQUE_ALEGRE_768x512_JOHNSON_R_50s_adeona-366_r_apogee_usb_net_adeona
2459111.684573518	NaN	science_2020_09_19T04_43_48_460_BOSQUE_ALEGRE_768x512_JOHNSON_R_50s_adeona-367_r_apogee_usb_net_adeona
2459111.6851661964	NaN	science_2020_09_19T04_44_39_670_BOSQUE_ALEGRE_768x512_JOHNSON_R_50s_adeona-368_r_apogee_usb_net_adeona
2459111.6857591057	NaN	science_2020_09_19T04_45_30_900_BOSQUE_ALEGRE_768x512_JOHNSON_R_50s_adeona-369_r_apogee_usb_net_adeona
2459111.686351784	NaN	science_2020_09_19T04_46_22_110_BOSQUE_ALEGRE_768x512_JOHNSON_R_50s_adeona-370_r_apogee_usb_net_adeona
2459111.6869444624	NaN	science_2020_09_19T04_47_13_320_BOSQUE_ALEGRE_768x512_JOHNSON_R_50s_adeona-371_r_apogee_usb_net_adeona
2459111.687537256	NaN	science_2020_09_19T04_48_04_540_BOSQUE_ALEGRE_768x512_JOHNSON_R_50s_adeona-372_r_apogee_usb_net_adeona
2459111.68813005	NaN	science_2020_09_19T04_48_55_760_BOSQUE_ALEGRE_768x512_JOHNSON_R_50s_adeona-373_r_apogee_usb_net_adeona
2459111.6887227283	NaN	science_2020_09_19T04_49_46_970_BOSQUE_ALEGRE_768x512_JOHNSON_R_50s_adeona-374_r_apogee_usb_net_adeona
2459111.689315406	NaN	science_2020_09_19T04_50_38_180_BOSQUE_ALEGRE_768x512_JOHNSON_R_50s_adeona-375_r_apogee_usb_net_adeona
2459111.689908316	NaN	science_2020_09_19T04_51_29_410_BOSQUE_ALEGRE_768x512_JOHNSON_R_50s_adeona-376_r_apogee_usb_net_adeona
2459111.6905008783	NaN	science_2020_09_19T04_52_20_610_BOSQUE_ALEGRE_768x512_JOHNSON_R_50s_adeona-377_r_apogee_usb_net_adeona
2459111.691093788	NaN	science_2020_09_19T04_53_11_840_BOSQUE_ALEGRE_768x512_JOHNSON_R_50s_adeona-378_r_apogee_usb_net_adeona
2459111.691686466	NaN	science_2020_09_19T04_54_03_050_BOSQUE_ALEGRE_768x512_JOHNSON_R_50s_adeona-379_r_apogee_usb_net_adeona
2459111.69227926	NaN	science_2020_09_19T04_54_54_270_BOSQUE_ALEGRE_768x512_JOHNSON_R_50s_adeona-380_r_apogee_usb_net_adeona
2459111.692871938	NaN	science_2020_09_19T04_55_45_480_BOSQUE_ALEGRE_768x512_JOHNSON_R_50s_adeona-381_r_apogee_usb_net_adeona
2459111.6934646163	NaN	science_2020_09_19T04_56_36_690_BOSQUE_ALEGRE_768x512_JOHNSON_R_50s_adeona-382_r_apogee_usb_net_adeona
2459111.69405741	NaN	science_2020_09_19T04_57_27_910_BOSQUE_ALEGRE_768x512_JOHNSON_R_50s_adeona-383_r_apogee_usb_net_adeona
2459111.6946498565	NaN	science_2020_09_19T04_58_19_100_BOSQUE_ALEGRE_768x512_JOHNSON_R_50s_adeona-384_r_apogee_usb_net_adeona
2459111.6952429977	NaN	science_2020_09_19T04_59_10_350_BOSQUE_ALEGRE_768x512_JOHNSON_R_50s_adeona-385_r_apogee_usb_net_adeona
2459111.69583556	NaN	science_2020_09_19T05_00_01_550_BOSQUE_ALEGRE_768x512_JOHNSON_R_50s_adeona-386_r_apogee_usb_net_adeona
2459111.6964282384	NaN	science_2020_09_19T05_00_52_760_BOSQUE_ALEGRE_768x512_JOHNSON_R_50s_adeona-387_r_apogee_usb_net_adeona
2459111.6979261944	NaN	science_2020_09_19T05_03_02_190_BOSQUE_ALEGRE_768x512_JOHNSON_R_50s_adeona-388_r_apogee_usb_net_adeona
2459111.698519104	NaN	science_2020_09_19T05_03_53_420_BOSQUE_ALEGRE_768x512_JOHNSON_R_50s_adeona-389_r_apogee_usb_net_adeona
2459111.699111898	NaN	science_2020_09_19T05_04_44_640_BOSQUE_ALEGRE_768x512_JOHNSON_R_50s_adeona-390_r_apogee_usb_net_adeona
2459111.6997043444	NaN	science_2020_09_19T05_05_35_830_BOSQUE_ALEGRE_768x512_JOHNSON_R_50s_adeona-391_r_apogee_usb_net_adeona
2459111.700301999	NaN	science_2020_09_19T05_06_27_470_BOSQUE_ALEGRE_768x512_JOHNSON_R_50s_adeona-392_r_apogee_usb_net_adeona
2459111.700894793	NaN	science_2020_09_19T05_07_18_690_BOSQUE_ALEGRE_768x512_JOHNSON_R_50s_adeona-393_r_apogee_usb_net_adeona
2459111.701487587	NaN	science_2020_09_19T05_08_09_910_BOSQUE_ALEGRE_768x512_JOHNSON_R_50s_adeona-394_r_apogee_usb_net_adeona
2459111.702080265	NaN	science_2020_09_19T05_09_01_120_BOSQUE_ALEGRE_768x512_JOHNSON_R_50s_adeona-395_r_apogee_usb_net_adeona
2459111.702672943	NaN	science_2020_09_19T05_09_52_330_BOSQUE_ALEGRE_768x512_JOHNSON_R_50s_adeona-396_r_apogee_usb_net_adeona
2459111.70326539	NaN	science_2020_09_19T05_10_43_520_BOSQUE_ALEGRE_768x512_JOHNSON_R_50s_adeona-397_r_apogee_usb_net_adeona
2459111.7038580677	NaN	science_2020_09_19T05_11_34_730_BOSQUE_ALEGRE_768x512_JOHNSON_R_50s_adeona-398_r_apogee_usb_net_adeona
2459111.7044505146	NaN	science_2020_09_19T05_12_25_920_BOSQUE_ALEGRE_768x512_JOHNSON_R_50s_adeona-399_r_apogee_usb_net_adeona
2459111.7068219213	NaN	science_2020_09_19T05_15_50_820_BOSQUE_ALEGRE_768x512_JOHNSON_R_50s_adeona-403_r_apogee_usb_net_adeona
2459111.7074148306	NaN	science_2020_09_19T05_16_42_050_BOSQUE_ALEGRE_768x512_JOHNSON_R_50s_adeona-404_r_apogee_usb_net_adeona
2459111.708007509	NaN	science_2020_09_19T05_17_33_260_BOSQUE_ALEGRE_768x512_JOHNSON_R_50s_adeona-405_r_apogee_usb_net_adeona
2459111.7086001867	NaN	science_2020_09_19T05_18_24_470_BOSQUE_ALEGRE_768x512_JOHNSON_R_50s_adeona-406_r_apogee_usb_net_adeona
2459111.7091926336	NaN	science_2020_09_19T05_19_15_660_BOSQUE_ALEGRE_768x512_JOHNSON_R_50s_adeona-407_r_apogee_usb_net_adeona
2459111.7097853115	NaN	science_2020_09_19T05_20_06_870_BOSQUE_ALEGRE_768x512_JOHNSON_R_50s_adeona-408_r_apogee_usb_net_adeona
2459111.710377874	NaN	science_2020_09_19T05_20_58_070_BOSQUE_ALEGRE_768x512_JOHNSON_R_50s_adeona-409_r_apogee_usb_net_adeona
2459111.7109703207	NaN	science_2020_09_19T05_21_49_260_BOSQUE_ALEGRE_768x512_JOHNSON_R_50s_adeona-410_r_apogee_usb_net_adeona
2459111.711562883	NaN	science_2020_09_19T05_22_40_460_BOSQUE_ALEGRE_768x512_JOHNSON_R_50s_adeona-411_r_apogee_usb_net_adeona
2459111.7121554455	NaN	science_2020_09_19T05_23_31_660_BOSQUE_ALEGRE_768x512_JOHNSON_R_50s_adeona-412_r_apogee_usb_net_adeona
2459111.7127480074	NaN	science_2020_09_19T05_24_22_860_BOSQUE_ALEGRE_768x512_JOHNSON_R_50s_adeona-413_r_apogee_usb_net_adeona
2459111.713340801	NaN	science_2020_09_19T05_25_14_080_BOSQUE_ALEGRE_768x512_JOHNSON_R_50s_adeona-414_r_apogee_usb_net_adeona
2459111.713933711	NaN	science_2020_09_19T05_26_05_310_BOSQUE_ALEGRE_768x512_JOHNSON_R_50s_adeona-415_r_apogee_usb_net_adeona
2459111.7145310184	NaN	science_2020_09_19T05_26_56_920_BOSQUE_ALEGRE_768x512_JOHNSON_R_50s_adeona-416_r_apogee_usb_net_adeona
2459111.715123928	NaN	science_2020_09_19T05_27_48_150_BOSQUE_ALEGRE_768x512_JOHNSON_R_50s_adeona-417_r_apogee_usb_net_adeona
2459111.71571649	NaN	science_2020_09_19T05_28_39_350_BOSQUE_ALEGRE_768x512_JOHNSON_R_50s_adeona-418_r_apogee_usb_net_adeona
2459111.7163091684	NaN	science_2020_09_19T05_29_30_560_BOSQUE_ALEGRE_768x512_JOHNSON_R_50s_adeona-419_r_apogee_usb_net_adeona
2459111.7169020777	NaN	science_2020_09_19T05_30_21_790_BOSQUE_ALEGRE_768x512_JOHNSON_R_50s_adeona-420_r_apogee_usb_net_adeona
2459111.7174949874	NaN	science_2020_09_19T05_31_13_020_BOSQUE_ALEGRE_768x512_JOHNSON_R_50s_adeona-421_r_apogee_usb_net_adeona
2459111.71808755	NaN	science_2020_09_19T05_32_04_220_BOSQUE_ALEGRE_768x512_JOHNSON_R_50s_adeona-422_r_apogee_usb_net_adeona
2459111.7186803436	NaN	science_2020_09_19T05_32_55_440_BOSQUE_ALEGRE_768x512_JOHNSON_R_50s_adeona-423_r_apogee_usb_net_adeona
2459111.719277651	NaN	science_2020_09_19T05_33_47_050_BOSQUE_ALEGRE_768x512_JOHNSON_R_50s_adeona-424_r_apogee_usb_net_adeona
2459111.7198705603	NaN	science_2020_09_19T05_34_38_280_BOSQUE_ALEGRE_768x512_JOHNSON_R_50s_adeona-425_r_apogee_usb_net_adeona
2459111.7204632387	NaN	science_2020_09_19T05_35_29_490_BOSQUE_ALEGRE_768x512_JOHNSON_R_50s_adeona-426_r_apogee_usb_net_adeona
2459111.7210560325	NaN	science_2020_09_19T05_36_20_710_BOSQUE_ALEGRE_768x512_JOHNSON_R_50s_adeona-427_r_apogee_usb_net_adeona
2459111.7216489417	NaN	science_2020_09_19T05_37_11_940_BOSQUE_ALEGRE_768x512_JOHNSON_R_50s_adeona-428_r_apogee_usb_net_adeona
2459111.7222416196	NaN	science_2020_09_19T05_38_03_150_BOSQUE_ALEGRE_768x512_JOHNSON_R_50s_adeona-429_r_apogee_usb_net_adeona
2459111.7228344134	NaN	science_2020_09_19T05_38_54_370_BOSQUE_ALEGRE_768x512_JOHNSON_R_50s_adeona-430_r_apogee_usb_net_adeona
2459111.723427207	NaN	science_2020_09_19T05_39_45_590_BOSQUE_ALEGRE_768x512_JOHNSON_R_50s_adeona-431_r_apogee_usb_net_adeona
2459111.7240242832	NaN	science_2020_09_19T05_40_37_180_BOSQUE_ALEGRE_768x512_JOHNSON_R_50s_adeona-432_r_apogee_usb_net_adeona
2459111.7246168456	NaN	science_2020_09_19T05_41_28_380_BOSQUE_ALEGRE_768x512_JOHNSON_R_50s_adeona-433_r_apogee_usb_net_adeona
2459111.7252096394	NaN	science_2020_09_19T05_42_19_600_BOSQUE_ALEGRE_768x512_JOHNSON_R_50s_adeona-434_r_apogee_usb_net_adeona
2459111.725802433	NaN	science_2020_09_19T05_43_10_820_BOSQUE_ALEGRE_768x512_JOHNSON_R_50s_adeona-435_r_apogee_usb_net_adeona
2459111.7263995092	NaN	science_2020_09_19T05_44_02_410_BOSQUE_ALEGRE_768x512_JOHNSON_R_50s_adeona-436_r_apogee_usb_net_adeona
2459111.7269920716	NaN	science_2020_09_19T05_44_53_610_BOSQUE_ALEGRE_768x512_JOHNSON_R_50s_adeona-437_r_apogee_usb_net_adeona
2459111.7275847495	NaN	science_2020_09_19T05_45_44_820_BOSQUE_ALEGRE_768x512_JOHNSON_R_50s_adeona-438_r_apogee_usb_net_adeona
2459111.728177312	NaN	science_2020_09_19T05_46_36_020_BOSQUE_ALEGRE_768x512_JOHNSON_R_50s_adeona-439_r_apogee_usb_net_adeona
2459111.728774735	NaN	science_2020_09_19T05_47_27_640_BOSQUE_ALEGRE_768x512_JOHNSON_R_50s_adeona-440_r_apogee_usb_net_adeona
2459111.729367297	NaN	science_2020_09_19T05_48_18_840_BOSQUE_ALEGRE_768x512_JOHNSON_R_50s_adeona-441_r_apogee_usb_net_adeona
2459111.729959975	NaN	science_2020_09_19T05_49_10_050_BOSQUE_ALEGRE_768x512_JOHNSON_R_50s_adeona-442_r_apogee_usb_net_adeona
2459111.7305526533	NaN	science_2020_09_19T05_50_01_260_BOSQUE_ALEGRE_768x512_JOHNSON_R_50s_adeona-443_r_apogee_usb_net_adeona
2459111.7311452157	NaN	science_2020_09_19T05_50_52_460_BOSQUE_ALEGRE_768x512_JOHNSON_R_50s_adeona-444_r_apogee_usb_net_adeona
2459111.7317377776	NaN	science_2020_09_19T05_51_43_660_BOSQUE_ALEGRE_768x512_JOHNSON_R_50s_adeona-445_r_apogee_usb_net_adeona
2459111.7323306873	NaN	science_2020_09_19T05_52_34_890_BOSQUE_ALEGRE_768x512_JOHNSON_R_50s_adeona-446_r_apogee_usb_net_adeona
2459111.732923365	NaN	science_2020_09_19T05_53_26_100_BOSQUE_ALEGRE_768x512_JOHNSON_R_50s_adeona-447_r_apogee_usb_net_adeona
2459111.733516043	NaN	science_2020_09_19T05_54_17_310_BOSQUE_ALEGRE_768x512_JOHNSON_R_50s_adeona-448_r_apogee_usb_net_adeona
2459111.734108837	NaN	science_2020_09_19T05_55_08_530_BOSQUE_ALEGRE_768x512_JOHNSON_R_50s_adeona-449_r_apogee_usb_net_adeona
2459111.734701399	NaN	science_2020_09_19T05_55_59_730_BOSQUE_ALEGRE_768x512_JOHNSON_R_50s_adeona-450_r_apogee_usb_net_adeona
2459111.7352988226	NaN	science_2020_09_19T05_56_51_350_BOSQUE_ALEGRE_768x512_JOHNSON_R_50s_adeona-451_r_apogee_usb_net_adeona
2459111.735891616	NaN	science_2020_09_19T05_57_42_570_BOSQUE_ALEGRE_768x512_JOHNSON_R_50s_adeona-452_r_apogee_usb_net_adeona
2459111.7364845257	NaN	science_2020_09_19T05_58_33_800_BOSQUE_ALEGRE_768x512_JOHNSON_R_50s_adeona-453_r_apogee_usb_net_adeona
2459111.737077551	NaN	science_2020_09_19T05_59_25_040_BOSQUE_ALEGRE_768x512_JOHNSON_R_50s_adeona-454_r_apogee_usb_net_adeona
2459111.737670229	NaN	science_2020_09_19T06_00_16_250_BOSQUE_ALEGRE_768x512_JOHNSON_R_50s_adeona-455_r_apogee_usb_net_adeona
2459111.7382629067	NaN	science_2020_09_19T06_01_07_460_BOSQUE_ALEGRE_768x512_JOHNSON_R_50s_adeona-456_r_apogee_usb_net_adeona
2459111.7388557005	NaN	science_2020_09_19T06_01_58_680_BOSQUE_ALEGRE_768x512_JOHNSON_R_50s_adeona-457_r_apogee_usb_net_adeona
2459111.7394483783	NaN	science_2020_09_19T06_02_49_890_BOSQUE_ALEGRE_768x512_JOHNSON_R_50s_adeona-458_r_apogee_usb_net_adeona
2459111.740041288	NaN	science_2020_09_19T06_03_41_120_BOSQUE_ALEGRE_768x512_JOHNSON_R_50s_adeona-459_r_apogee_usb_net_adeona
2459111.740634082	NaN	science_2020_09_19T06_04_32_340_BOSQUE_ALEGRE_768x512_JOHNSON_R_50s_adeona-460_r_apogee_usb_net_adeona
2459111.7412268757	NaN	science_2020_09_19T06_05_23_560_BOSQUE_ALEGRE_768x512_JOHNSON_R_50s_adeona-461_r_apogee_usb_net_adeona
2459111.741819669	NaN	science_2020_09_19T06_06_14_780_BOSQUE_ALEGRE_768x512_JOHNSON_R_50s_adeona-462_r_apogee_usb_net_adeona
2459111.7424123473	NaN	science_2020_09_19T06_07_05_990_BOSQUE_ALEGRE_768x512_JOHNSON_R_50s_adeona-463_r_apogee_usb_net_adeona
2459111.7430053726	NaN	science_2020_09_19T06_07_57_230_BOSQUE_ALEGRE_768x512_JOHNSON_R_50s_adeona-464_r_apogee_usb_net_adeona
2459111.7435979345	NaN	science_2020_09_19T06_08_48_430_BOSQUE_ALEGRE_768x512_JOHNSON_R_50s_adeona-465_r_apogee_usb_net_adeona
2459111.744190613	NaN	science_2020_09_19T06_09_39_640_BOSQUE_ALEGRE_768x512_JOHNSON_R_50s_adeona-466_r_apogee_usb_net_adeona
2459111.7447832907	NaN	science_2020_09_19T06_10_30_850_BOSQUE_ALEGRE_768x512_JOHNSON_R_50s_adeona-467_r_apogee_usb_net_adeona
2459111.7453759685	NaN	science_2020_09_19T06_11_22_060_BOSQUE_ALEGRE_768x512_JOHNSON_R_50s_adeona-468_r_apogee_usb_net_adeona
2459111.7459687623	NaN	science_2020_09_19T06_12_13_280_BOSQUE_ALEGRE_768x512_JOHNSON_R_50s_adeona-469_r_apogee_usb_net_adeona
2459111.746561556	NaN	science_2020_09_19T06_13_04_500_BOSQUE_ALEGRE_768x512_JOHNSON_R_50s_adeona-470_r_apogee_usb_net_adeona
2459111.7471544654	NaN	science_2020_09_19T06_13_55_730_BOSQUE_ALEGRE_768x512_JOHNSON_R_50s_adeona-471_r_apogee_usb_net_adeona
2459111.747746912	NaN	science_2020_09_19T06_14_46_920_BOSQUE_ALEGRE_768x512_JOHNSON_R_50s_adeona-472_r_apogee_usb_net_adeona
2459111.7483398216	NaN	science_2020_09_19T06_15_38_150_BOSQUE_ALEGRE_768x512_JOHNSON_R_50s_adeona-473_r_apogee_usb_net_adeona
2459111.7489324994	NaN	science_2020_09_19T06_16_29_360_BOSQUE_ALEGRE_768x512_JOHNSON_R_50s_adeona-474_r_apogee_usb_net_adeona
2459111.7495251773	NaN	science_2020_09_19T06_17_20_570_BOSQUE_ALEGRE_768x512_JOHNSON_R_50s_adeona-475_r_apogee_usb_net_adeona
2459111.750117971	NaN	science_2020_09_19T06_18_11_790_BOSQUE_ALEGRE_768x512_JOHNSON_R_50s_adeona-476_r_apogee_usb_net_adeona
2459111.750710765	NaN	science_2020_09_19T06_19_03_010_BOSQUE_ALEGRE_768x512_JOHNSON_R_50s_adeona-477_r_apogee_usb_net_adeona
2459111.751303327	NaN	science_2020_09_19T06_19_54_210_BOSQUE_ALEGRE_768x512_JOHNSON_R_50s_adeona-478_r_apogee_usb_net_adeona
2459111.751896005	NaN	science_2020_09_19T06_20_45_420_BOSQUE_ALEGRE_768x512_JOHNSON_R_50s_adeona-479_r_apogee_usb_net_adeona
2459111.7524887985	NaN	science_2020_09_19T06_21_36_640_BOSQUE_ALEGRE_768x512_JOHNSON_R_50s_adeona-480_r_apogee_usb_net_adeona
2459111.753081245	NaN	science_2020_09_19T06_22_27_830_BOSQUE_ALEGRE_768x512_JOHNSON_R_50s_adeona-481_r_apogee_usb_net_adeona
2459111.754859395	NaN	science_2020_09_19T06_25_01_470_BOSQUE_ALEGRE_768x512_JOHNSON_R_50s_adeona-484_r_apogee_usb_net_adeona
2459111.755452188	NaN	science_2020_09_19T06_25_52_690_BOSQUE_ALEGRE_768x512_JOHNSON_R_50s_adeona-485_r_apogee_usb_net_adeona
2459111.75604938	NaN	science_2020_09_19T06_26_44_290_BOSQUE_ALEGRE_768x512_JOHNSON_R_50s_adeona-486_r_apogee_usb_net_adeona
2459111.756641942	NaN	science_2020_09_19T06_27_35_490_BOSQUE_ALEGRE_768x512_JOHNSON_R_50s_adeona-487_r_apogee_usb_net_adeona
2459111.7572345044	NaN	science_2020_09_19T06_28_26_690_BOSQUE_ALEGRE_768x512_JOHNSON_R_50s_adeona-488_r_apogee_usb_net_adeona
2459111.757827645	NaN	science_2020_09_19T06_29_17_940_BOSQUE_ALEGRE_768x512_JOHNSON_R_50s_adeona-489_r_apogee_usb_net_adeona
2459111.758420092	NaN	science_2020_09_19T06_30_09_130_BOSQUE_ALEGRE_768x512_JOHNSON_R_50s_adeona-490_r_apogee_usb_net_adeona
2459111.759012654	NaN	science_2020_09_19T06_31_00_330_BOSQUE_ALEGRE_768x512_JOHNSON_R_50s_adeona-491_r_apogee_usb_net_adeona
2459111.7596055632	NaN	science_2020_09_19T06_31_51_560_BOSQUE_ALEGRE_768x512_JOHNSON_R_50s_adeona-492_r_apogee_usb_net_adeona
2459111.7601981256	NaN	science_2020_09_19T06_32_42_760_BOSQUE_ALEGRE_768x512_JOHNSON_R_50s_adeona-493_r_apogee_usb_net_adeona
2459111.760791151	NaN	science_2020_09_19T06_33_34_000_BOSQUE_ALEGRE_768x512_JOHNSON_R_50s_adeona-494_r_apogee_usb_net_adeona
2459111.761383713	NaN	science_2020_09_19T06_34_25_200_BOSQUE_ALEGRE_768x512_JOHNSON_R_50s_adeona-495_r_apogee_usb_net_adeona
2459111.7619765066	NaN	science_2020_09_19T06_35_16_420_BOSQUE_ALEGRE_768x512_JOHNSON_R_50s_adeona-496_r_apogee_usb_net_adeona
2459111.763162094	NaN	science_2020_09_19T06_36_58_860_BOSQUE_ALEGRE_768x512_JOHNSON_R_50s_adeona-498_r_apogee_usb_net_adeona
2459111.7643473344	NaN	science_2020_09_19T06_38_41_270_BOSQUE_ALEGRE_768x512_JOHNSON_R_50s_adeona-500_r_apogee_usb_net_adeona
2459111.765537435	NaN	science_2020_09_19T06_40_24_100_BOSQUE_ALEGRE_768x512_JOHNSON_R_50s_adeona-502_r_apogee_usb_net_adeona
