image	ra_residual_mas
science_2022_04_03T02_02_40_690_Speculoos_2048x2088_sloan_g_60s_SPECU1_2022-04-03T02_02_40_690_speculoos_1_Ch_42532_g_	221.77723125621029
science_2022_04_04T07_48_46_000_Speculoos_2048x2088_sloan_i_60s_SPECU1_2022-04-04T07_48_46_000_speculoos_1_Ch_42532_i_5	189.09870213524738
science_2022_04_04T07_49_55_560_Speculoos_2048x2088_sloan_i_60s_SPECU1_2022-04-04T07_49_55_560_speculoos_1_Ch_42532_i_5	-122.8677154001104
science_2022_04_04T07_51_05_750_Speculoos_2048x2088_sloan_i_60s_SPECU1_2022-04-04T07_51_05_750_speculoos_1_Ch_42532_i_5	171.1848006047867
science_2022_04_03T06_02_22_650_Speculoos_2048x2088_sloan_r_60s_SPECU1_2022-04-03T06_02_22_650_speculoos_1_Ch_42532_r_4	-114.07573787505201
science_2022_04_04T07_46_26_920_Speculoos_2048x2088_sloan_i_60s_SPECU1_2022-04-04T07_46_26_920_speculoos_1_Ch_42532_i_5	-134.237504802944
science_2022_04_03T07_53_23_270_Speculoos_2048x2088_sloan_i_60s_SPECU1_2022-04-03T07_53_23_270_speculoos_1_Ch_42532_i_5	-139.87213781167284
science_2022_04_04T07_25_39_450_Speculoos_2048x2088_sloan_g_60s_SPECU1_2022-04-04T07_25_39_450_speculoos_1_Ch_42532_g_5	-154.73960748127485
science_2022_04_03T07_18_39_430_Speculoos_2048x2088_sloan_g_60s_SPECU1_2022-04-03T07_18_39_430_speculoos_1_Ch_42532_g_5	201.2501321160664
science_2022_04_03T07_52_13_820_Speculoos_2048x2088_sloan_i_60s_SPECU1_2022-04-03T07_52_13_820_speculoos_1_Ch_42532_i_5	183.26065895053617
