image	ra_residual_mas
science_2022_04_03T02_10_47_900_Speculoos_2048x2088_sloan_g_60s_SPECU1_2022-04-03T02_10_47_900_speculoos_1_Ch_42532_g_	-102.22206158596236
science_2022_04_04T07_51_05_750_Speculoos_2048x2088_sloan_i_60s_SPECU1_2022-04-04T07_51_05_750_speculoos_1_Ch_42532_i_5	181.35161218015128
science_2022_04_04T07_41_50_940_Speculoos_2048x2088_sloan_r_60s_SPECU1_2022-04-04T07_41_50_940_speculoos_1_Ch_42532_r_5	-312.36651282461025
science_2022_04_03T07_20_58_700_Speculoos_2048x2088_sloan_g_60s_SPECU1_2022-04-03T07_20_58_700_speculoos_1_Ch_42532_g_5	182.6493938465319
science_2022_04_04T07_25_39_450_Speculoos_2048x2088_sloan_g_60s_SPECU1_2022-04-04T07_25_39_450_speculoos_1_Ch_42532_g_5	227.6357383470895
