image	ra_residual_mas
science_2020_09_16T05_23_19_190_BOSQUE_ALEGRE_768x512_JOHNSON_R_20s_aletheia-944_r_apogee_usb_net_aletheia	370.80403922856846
science_2020_09_16T05_09_31_800_BOSQUE_ALEGRE_768x512_JOHNSON_R_20s_aletheia-905_r_apogee_usb_net_aletheia	597.4225423913314
science_2020_09_16T05_26_08_930_BOSQUE_ALEGRE_768x512_JOHNSON_R_20s_aletheia-952_r_apogee_usb_net_aletheia	269.08320199598916
science_2020_09_16T00_11_33_110_BOSQUE_ALEGRE_768x512_JOHNSON_R_20s_aletheia-077_r_apogee_usb_net_aletheia	-533.9784823876288
science_2020_09_16T00_15_05_120_BOSQUE_ALEGRE_768x512_JOHNSON_R_20s_aletheia-087_r_apogee_usb_net_aletheia	-415.4991398726451
science_2020_09_16T05_11_17_890_BOSQUE_ALEGRE_768x512_JOHNSON_R_20s_aletheia-910_r_apogee_usb_net_aletheia	913.6862418093266
